resample,scenario,mean_loss,mean_loss_delta,var,var_delta,es,es_delta
0,baseline,3385933.5,0.0,15080000.0,0.0,18275000.0,0.0
0,recession,8665796.825,5279863.325,29395000.0,14315000.0,33363932.5,15088932.5
0,severe,19232002.075,15846068.575,51317750.0,36237750.0,56917905.0,38642905.0
0,independent,3357273.375,-28660.125,8592500.0,-6487500.0,9560075.0,-8714925.0
0,high_correlation,3363271.5,-22662.0,21880000.0,6800000.0,27208450.0,8933450.0
1,baseline,3371350.125,0.0,14895000.0,0.0,18124212.5,0.0
1,recession,8639345.2,5267995.075,28973000.0,14078000.0,33040882.5,14916670.0
1,severe,19176005.2,15804655.075,51191250.0,36296250.0,57068536.25,38944323.75
1,independent,3362513.625,-8836.5,8725000.0,-6170000.0,9657075.0,-8467137.5
1,high_correlation,3363869.5,-7480.625,21645000.0,6750000.0,27630187.5,9505975.0
2,baseline,3365778.0,0.0,15180000.0,0.0,18695087.5,0.0
2,recession,8635133.725,5269355.725,29533500.0,14353500.0,33602915.0,14907827.5
2,severe,19176087.425,15810309.425,51326000.0,36146000.0,57146333.75,38451246.25
2,independent,3361108.375,-4669.625,8535000.0,-6645000.0,9334162.5,-9360925.0
2,high_correlation,3367986.5,2208.5,21990000.0,6810000.0,27755450.0,9060362.5
3,baseline,3427382.875,0.0,15205000.0,0.0,18758275.0,0.0
3,recession,8761079.925,5333697.05,29599000.0,14394000.0,34089815.0,15331540.0
3,severe,19348727.3375,15921344.4625,51727500.0,36522500.0,57761852.5,39003577.5
3,independent,3391445.625,-35937.25,8740000.0,-6465000.0,9608325.0,-9149950.0
3,high_correlation,3439037.0,11654.125,22652500.0,7447500.0,28506837.5,9748562.5
4,baseline,3426983.875,0.0,15672500.0,0.0,18565025.0,0.0
4,recession,8765115.425,5338131.55,29708500.0,14036000.0,33778862.5,15213837.5
4,severe,19404591.3875,15977607.5125,52233500.0,36561000.0,57788376.25,39223351.25
4,independent,3362750.0,-64233.875,8695000.0,-6977500.0,9650762.5,-8914262.5
4,high_correlation,3455238.375,28254.5,22672500.0,7000000.0,28036712.5,9471687.5
5,baseline,3374190.375,0.0,15075000.0,0.0,18638112.5,0.0
5,recession,8671049.05,5296858.675,29056000.0,13981000.0,33418127.5,14780015.0
5,severe,19240598.025,15866407.65,51518500.0,36443500.0,57082368.75,38444256.25
5,independent,3376227.875,2037.5,8762500.0,-6312500.0,9757137.5,-8880975.0
5,high_correlation,3369300.5,-4889.875,22127500.0,7052500.0,27704750.0,9066637.5
6,baseline,3388839.125,0.0,15037500.0,0.0,18799325.0,0.0
6,recession,8697584.35,5308745.225,29451000.0,14413500.0,34273212.5,15473887.5
6,severe,19289649.6375,15900810.5125,51122500.0,36085000.0,57523963.75,38724638.75
6,independent,3340823.125,-48016.0,8585000.0,-6452500.0,9521850.0,-9277475.0
6,high_correlation,3412550.75,23711.625,21957500.0,6920000.0,28252712.5,9453387.5
7,baseline,3394196.0,0.0,15280000.0,0.0,18211275.0,0.0
7,recession,8712925.0,5318729.0,29014000.0,13734000.0,33233440.0,15022165.0
7,severe,19294613.9375,15900417.9375,51207750.0,35927750.0,56536837.5,38325562.5
7,independent,3354854.0,-39342.0,8672500.0,-6607500.0,9628212.5,-8583062.5
7,high_correlation,3400870.5,6674.5,21985000.0,6705000.0,27293875.0,9082600.0
8,baseline,3366891.375,0.0,15037500.0,0.0,18241200.0,0.0
8,recession,8648059.4,5281168.025,29425500.0,14388000.0,33608057.5,15366857.5
8,severe,19187409.0375,15820517.6625,51122500.0,36085000.0,57572515.0,39331315.0
8,independent,3358569.625,-8321.75,8790000.0,-6247500.0,9688075.0,-8553125.0
8,high_correlation,3366115.125,-776.25,21990000.0,6952500.0,27424200.0,9183000.0
9,baseline,3386202.875,0.0,15180000.0,0.0,18464387.5,0.0
9,recession,8703646.925,5317444.05,28976000.0,13796000.0,33331970.0,14867582.5
9,severe,19272938.1625,15886735.2875,51117000.0,35937000.0,57167495.0,38703107.5
9,independent,3391088.875,4886.0,8772500.0,-6407500.0,9724750.0,-8739637.5
9,high_correlation,3380361.125,-5841.75,21830000.0,6650000.0,27448100.0,8983712.5
10,baseline,3376061.125,0.0,14947500.0,0.0,18488575.0,0.0
10,recession,8629994.85,5253933.725,28550000.0,13602500.0,33319170.0,14830595.0
10,severe,19175400.2,15799339.075,50877750.0,35930250.0,56825340.0,38336765.0
10,independent,3386066.625,10005.5,8730000.0,-6217500.0,9703425.0,-8785150.0
10,high_correlation,3332679.875,-43381.25,21447500.0,6500000.0,27434050.0,8945475.0
11,baseline,3366754.875,0.0,14822500.0,0.0,18172687.5,0.0
11,recession,8682590.75,5315835.875,29014000.0,14191500.0,33428977.5,15256290.0
11,severe,19192622.625,15825867.75,50965750.0,36143250.0,56811232.5,38638545.0
11,independent,3350924.375,-15830.5,8760000.0,-6062500.0,9610400.0,-8562287.5
11,high_correlation,3364646.625,-2108.25,21607500.0,6785000.0,27268612.5,9095925.0
12,baseline,3371578.125,0.0,14750000.0,0.0,18365700.0,0.0
12,recession,8640647.3,5269069.175,28964000.0,14214000.0,33465310.0,15099610.0
12,severe,19225272.6875,15853694.5625,50877750.0,36127750.0,57087236.25,38721536.25
12,independent,3371789.375,211.25,8760000.0,-5990000.0,9657412.5,-8708287.5
12,high_correlation,3374255.625,2677.5,21990000.0,7240000.0,27649425.0,9283725.0
13,baseline,3399859.375,0.0,15180000.0,0.0,18348612.5,0.0
13,recession,8756024.15,5356164.775,29849500.0,14669500.0,33734360.0,15385747.5
13,severe,19410578.1375,16010718.7625,51518500.0,36338500.0,57187652.5,38839040.0
13,independent,3351709.25,-48150.125,8755000.0,-6425000.0,9652475.0,-8696137.5
13,high_correlation,3407804.25,7944.875,22547500.0,7367500.0,27481450.0,9132837.5
14,baseline,3375430.125,0.0,15302500.0,0.0,18797212.5,0.0
14,recession,8658220.825,5282790.7,29425500.0,14123000.0,33843087.5,15045875.0
14,severe,19225401.9375,15849971.8125,51518500.0,36216000.0,57437421.25,38640208.75
14,independent,3373236.5,-2193.625,8672500.0,-6630000.0,9624925.0,-9172287.5
14,high_correlation,3371302.75,-4127.375,21985000.0,6682500.0,27969325.0,9172112.5
15,baseline,3399522.0,0.0,15435000.0,0.0,18768812.5,0.0
15,recession,8705211.325,5305689.325,30053500.0,14618500.0,34249807.5,15480995.0
15,severe,19255688.65,15856166.65,51667000.0,36232000.0,58379832.5,39611020.0
15,independent,3383822.0,-15700.0,8785000.0,-6650000.0,9888887.5,-8879925.0
15,high_correlation,3407659.625,8137.625,22380000.0,6945000.0,28217650.0,9448837.5
16,baseline,3379170.75,0.0,15205000.0,0.0,18440925.0,0.0
16,recession,8694964.55,5315793.8,29055000.0,13850000.0,33536682.5,15095757.5
16,severe,19203035.5,15823864.75,50965750.0,35760750.0,57117720.0,38676795.0
16,independent,3374182.75,-4988.0,8730000.0,-6475000.0,9629250.0,-8811675.0
16,high_correlation,3370237.75,-8933.0,22172500.0,6967500.0,27848537.5,9407612.5
17,baseline,3382784.25,0.0,15280000.0,0.0,18416162.5,0.0
17,recession,8675988.55,5293204.3,29533500.0,14253500.0,33350415.0,14934252.5
17,severe,19265661.25,15882877.0,51147250.0,35867250.0,56623998.75,38207836.25
17,independent,3390830.625,8046.375,8700000.0,-6580000.0,9580075.0,-8836087.5
17,high_correlation,3377516.875,-5267.375,21880000.0,6600000.0,26872475.0,8456312.5
18,baseline,3412245.0,0.0,15740000.0,0.0,18915987.5,0.0
18,recession,8720408.275,5308163.275,29055000.0,13315000.0,33868715.0,14952727.5
18,severe,19267298.875,15855053.875,51111500.0,35371500.0,57810733.75,38894746.25
18,independent,3369860.75,-42384.25,8705000.0,-7035000.0,9544575.0,-9371412.5
18,high_correlation,3435574.875,23329.875,22345000.0,6605000.0,28270450.0,9354462.5
19,baseline,3414093.75,0.0,15140000.0,0.0,18396100.0,0.0
19,recession,8777397.0,5363303.25,28894000.0,13754000.0,33300392.5,14904292.5
19,severe,19387441.0125,15973347.2625,51515750.0,36375750.0,56730547.5,38334447.5
19,independent,3385754.0,-28339.75,8717500.0,-6422500.0,9544862.5,-8851237.5
19,high_correlation,3420208.0,6114.25,21735000.0,6595000.0,27287387.5,8891287.5
20,baseline,3436668.625,0.0,15037500.0,0.0,18596687.5,0.0
20,recession,8744826.275,5308157.65,29708500.0,14671000.0,33823307.5,15226620.0
20,severe,19354101.525,15917432.9,51958500.0,36921000.0,57785502.5,39188815.0
20,independent,3388915.375,-47753.25,8775000.0,-6262500.0,9727950.0,-8868737.5
20,high_correlation,3447212.875,10544.25,22290000.0,7252500.0,27890787.5,9294100.0
21,baseline,3392897.0,0.0,14985000.0,0.0,18551162.5,0.0
21,recession,8665931.15,5273034.15,29056000.0,14071000.0,33466452.5,14915290.0
21,severe,19202157.975,15809260.975,51515750.0,36530750.0,57361053.75,38809891.25
21,independent,3391232.75,-1664.25,8600000.0,-6385000.0,9576975.0,-8974187.5
21,high_correlation,3362011.25,-30885.75,21957500.0,6972500.0,27589387.5,9038225.0
22,baseline,3365950.0,0.0,15140000.0,0.0,18241862.5,0.0
22,recession,8623254.35,5257304.35,29533500.0,14393500.0,33396870.0,15155007.5
22,severe,19155959.2125,15790009.2125,51147250.0,36007250.0,56835638.75,38593776.25
22,independent,3362139.75,-3810.25,8672500.0,-6467500.0,9533600.0,-8708262.5
22,high_correlation,3358821.125,-7128.875,22462500.0,7322500.0,27377375.0,9135512.5
23,baseline,3347515.625,0.0,14800000.0,0.0,18098575.0,0.0
23,recession,8614307.5,5266791.875,28879000.0,14079000.0,33435745.0,15337170.0
23,severe,19135147.2125,15787631.5875,50971250.0,36171250.0,57055680.0,38957105.0
23,independent,3356775.625,9260.0,8730000.0,-6070000.0,9597412.5,-8501162.5
23,high_correlation,3334238.0,-13277.625,21825000.0,7025000.0,27310437.5,9211862.5
24,baseline,3372819.875,0.0,15075000.0,0.0,18402925.0,0.0
24,recession,8694836.975,5322017.1,29014000.0,13939000.0,33273860.0,14870935.0
24,severe,19233819.825,15860999.95,51515750.0,36440750.0,56900896.25,38497971.25
24,independent,3368018.0,-4801.875,8712500.0,-6362500.0,9640675.0,-8762250.0
24,high_correlation,3388748.625,15928.75,21830000.0,6755000.0,27237462.5,8834537.5
25,baseline,3387609.875,0.0,15797500.0,0.0,19263862.5,0.0
25,recession,8703301.625,5315691.75,29799000.0,14001500.0,34359347.5,15095485.0
25,severe,19268354.7375,15880744.8625,52467250.0,36669750.0,57959618.75,38695756.25
25,independent,3366682.75,-20927.125,8735000.0,-7062500.0,9609187.5,-9654675.0
25,high_correlation,3383099.875,-4510.0,22652500.0,6855000.0,28819825.0,9555962.5
26,baseline,3393244.0,0.0,14997500.0,0.0,19034662.5,0.0
26,recession,8680497.825,5287253.825,29547000.0,14549500.0,33810162.5,14775500.0
26,severe,19292166.1625,15898922.1625,51515750.0,36518250.0,57155862.5,38121200.0
26,independent,3362963.625,-30280.375,8697500.0,-6300000.0,9588962.5,-9445700.0
26,high_correlation,3394834.5,1590.5,21927500.0,6930000.0,27826237.5,8791575.0
27,baseline,3399028.625,0.0,15280000.0,0.0,18407737.5,0.0
27,recession,8691449.1,5292420.475,29501000.0,14221000.0,33462662.5,15054925.0
27,severe,19265914.8,15866886.175,51059250.0,35779250.0,56605546.25,38197808.75
27,independent,3364980.375,-34048.25,8732500.0,-6547500.0,9580637.5,-8827100.0
27,high_correlation,3402782.125,3753.5,21985000.0,6705000.0,27476512.5,9068775.0
28,baseline,3418780.125,0.0,15205000.0,0.0,18590150.0,0.0
28,recession,8769015.75,5350235.625,29395000.0,14190000.0,33717307.5,15127157.5
28,severe,19379653.8375,15960873.7125,52316000.0,37111000.0,57608622.5,39018472.5
28,independent,3365893.375,-52886.75,8762500.0,-6442500.0,9609237.5,-8980912.5
28,high_correlation,3440230.125,21450.0,22462500.0,7257500.0,27969700.0,9379550.0
29,baseline,3404292.375,0.0,14975000.0,0.0,18266175.0,0.0
29,recession,8736729.825,5332437.45,28964000.0,13989000.0,33223347.5,14957172.5
29,severe,19342682.7,15938390.325,51034500.0,36059500.0,57305105.0,39038930.0
29,independent,3382244.75,-22047.625,8732500.0,-6242500.0,9758787.5,-8507387.5
29,high_correlation,3418043.125,13750.75,21725000.0,6750000.0,27456787.5,9190612.5
30,baseline,3364724.75,0.0,15075000.0,0.0,18542250.0,0.0
30,recession,8635099.65,5270374.9,28652500.0,13577500.0,33472795.0,14930545.0
30,severe,19194239.9,15829515.15,51147250.0,36072250.0,56949928.75,38407678.75
30,independent,3379851.125,15126.375,8727500.0,-6347500.0,9671612.5,-8870637.5
30,high_correlation,3341464.25,-23260.5,21552500.0,6477500.0,27514712.5,8972462.5
31,baseline,3354772.875,0.0,14975000.0,0.0,18283212.5,0.0
31,recession,8624149.375,5269376.5,29370000.0,14395000.0,33400437.5,15117225.0
31,severe,19136772.05,15781999.175,51337000.0,36362000.0,57076758.75,38793546.25
31,independent,3398092.875,43320.0,8765000.0,-6210000.0,9629000.0,-8654212.5
31,high_correlation,3337230.125,-17542.75,21645000.0,6670000.0,27184662.5,8901450.0
32,baseline,3358032.75,0.0,14822500.0,0.0,18357650.0,0.0
32,recession,8644979.325,5286946.575,28652500.0,13830000.0,33296020.0,14938370.0
32,severe,19167328.125,15809295.375,50649500.0,35827000.0,56949516.25,38591866.25
32,independent,3366358.125,8325.375,8687500.0,-6135000.0,9602375.0,-8755275.0
32,high_correlation,3355906.0,-2126.75,21252500.0,6430000.0,27209837.5,8852187.5
33,baseline,3366490.0,0.0,15052500.0,0.0,18573162.5,0.0
33,recession,8636820.2,5270330.2,28894000.0,13841500.0,33363657.5,14790495.0
33,severe,19119155.825,15752665.825,51122500.0,36070000.0,56854833.75,38281671.25
33,independent,3354153.25,-12336.75,8672500.0,-6380000.0,9605825.0,-8967337.5
33,high_correlation,3375475.5,8985.5,22290000.0,7237500.0,27818550.0,9245387.5
34,baseline,3414191.5,0.0,15500000.0,0.0,18753225.0,0.0
34,recession,8732313.475,5318121.975,29289000.0,13789000.0,33696422.5,14943197.5
34,severe,19301793.3625,15887601.8625,51122500.0,35622500.0,57058760.0,38305535.0
34,independent,3386700.625,-27490.875,8775000.0,-6725000.0,9751712.5,-9001512.5
34,high_correlation,3409146.5,-5045.0,22345000.0,6845000.0,27658700.0,8905475.0
35,baseline,3380338.25,0.0,14997500.0,0.0,18422512.5,0.0
35,recession,8665928.15,5285589.9,28550000.0,13552500.0,33369215.0,14946702.5
35,severe,19181748.7125,15801410.4625,50971250.0,35973750.0,57159038.75,38736526.25
35,independent,3384629.875,4291.625,8710000.0,-6287500.0,9615687.5,-8806825.0
35,high_correlation,3382296.375,1958.125,21482500.0,6485000.0,27713412.5,9290900.0
36,baseline,3405277.375,0.0,15205000.0,0.0,18368825.0,0.0
36,recession,8742898.4,5337621.025,28955000.0,13750000.0,33237667.5,14868842.5
36,severe,19352359.95,15947082.575,50979500.0,35774500.0,56916433.75,38547608.75
36,independent,3377720.875,-27556.5,8712500.0,-6492500.0,9583400.0,-8785425.0
36,high_correlation,3400824.875,-4452.5,22085000.0,6880000.0,27480812.5,9111987.5
37,baseline,3394770.0,0.0,15205000.0,0.0,18575862.5,0.0
37,recession,8691786.425,5297016.425,29558000.0,14353000.0,33898492.5,15322630.0
37,severe,19204502.35,15809732.35,51455250.0,36250250.0,57431935.0,38856072.5
37,independent,3376257.875,-18512.125,8727500.0,-6477500.0,9546625.0,-9029237.5
37,high_correlation,3398999.25,4229.25,22127500.0,6922500.0,28178987.5,9603125.0
38,baseline,3355237.125,0.0,14810000.0,0.0,18449800.0,0.0
38,recession,8638818.35,5283581.225,29289000.0,14479000.0,34002715.0,15552915.0
38,severe,19186492.325,15831255.2,51337000.0,36527000.0,58070471.25,39620671.25
38,independent,3359066.0,3828.875,8687500.0,-6122500.0,9511475.0,-8938325.0
38,high_correlation,3355899.125,662.0,22010000.0,7200000.0,28201987.5,9752187.5
39,baseline,3396909.0,0.0,15587500.0,0.0,18571912.5,0.0
39,recession,8678507.2,5281598.2,29370000.0,13782500.0,33373975.0,14802062.5
39,severe,19307728.4125,15910819.4125,50770500.0,35183000.0,56349961.25,37778048.75
39,independent,3369404.25,-27504.75,8640000.0,-6947500.0,9566075.0,-9005837.5
39,high_correlation,3385287.125,-11621.875,22462500.0,6875000.0,27253125.0,8681212.5
40,baseline,3359557.25,0.0,14895000.0,0.0,18081312.5,0.0
40,recession,8694024.95,5334467.7,28652500.0,13757500.0,33296780.0,15215467.5
40,severe,19257280.7625,15897723.5125,51070250.0,36175250.0,56784612.5,38703300.0
40,independent,3347913.0,-11644.25,8730000.0,-6165000.0,9658212.5,-8423100.0
40,high_correlation,3369553.0,9995.75,21705000.0,6810000.0,27466662.5,9385350.0
41,baseline,3346467.125,0.0,14800000.0,0.0,18298262.5,0.0
41,recession,8601984.3,5255517.175,28505500.0,13705500.0,33051302.5,14753040.0
41,severe,19113535.65,15767068.525,51122500.0,36322500.0,56403985.0,38105722.5
41,independent,3356369.75,9902.625,8647500.0,-6152500.0,9710712.5,-8587550.0
41,high_correlation,3314570.875,-31896.25,21300000.0,6500000.0,27090550.0,8792287.5
42,baseline,3391547.375,0.0,15280000.0,0.0,18827900.0,0.0
42,recession,8692101.85,5300554.475,29501000.0,14221000.0,33819532.5,14991632.5
42,severe,19217405.2125,15825857.8375,51147250.0,35867250.0,57358345.0,38530445.0
42,independent,3391936.25,388.875,8752500.0,-6527500.0,9689037.5,-9138862.5
42,high_correlation,3402669.125,11121.75,22127500.0,6847500.0,28024562.5,9196662.5
43,baseline,3382980.25,0.0,15205000.0,0.0,18041187.5,0.0
43,recession,8672590.575,5289610.325,29063500.0,13858500.0,33231635.0,15190447.5
43,severe,19266783.25,15883803.0,50979500.0,35774500.0,57284438.75,39243251.25
43,independent,3384606.375,1626.125,8755000.0,-6450000.0,9780537.5,-8260650.0
43,high_correlation,3391704.5,8724.25,22385000.0,7180000.0,27476737.5,9435550.0
44,baseline,3402798.5,0.0,14802500.0,0.0,17608325.0,0.0
44,recession,8744098.575,5341300.075,29533500.0,14731000.0,32789075.0,15180750.0
44,severe,19413515.275,16010716.775,51337000.0,36534500.0,56928877.5,39320552.5
44,independent,3359930.25,-42868.25,8705000.0,-6097500.0,9517837.5,-8090487.5
44,high_correlation,3429844.0,27045.5,21705000.0,6902500.0,26568600.0,8960275.0
45,baseline,3408023.125,0.0,15655000.0,0.0,18802662.5,0.0
45,recession,8737848.75,5329825.625,29395000.0,13740000.0,33625047.5,14822385.0
45,severe,19321196.2625,15913173.1375,51191250.0,35536250.0,57062348.75,38259686.25
45,independent,3406966.25,-1056.875,8790000.0,-6865000.0,9838400.0,-8964262.5
45,high_correlation,3403756.5,-4266.625,22462500.0,6807500.0,27666612.5,8863950.0
46,baseline,3362678.375,0.0,14895000.0,0.0,18473887.5,0.0
46,recession,8632078.65,5269400.275,28397500.0,13502500.0,33108615.0,14634727.5
46,severe,19153969.725,15791291.35,51265500.0,36370500.0,57066418.75,38592531.25
46,independent,3369787.75,7109.375,8752500.0,-6142500.0,9587837.5,-8886050.0
46,high_correlation,3346761.625,-15916.75,22000000.0,7105000.0,27642600.0,9168712.5
47,baseline,3340602.375,0.0,15217500.0,0.0,18426975.0,0.0
47,recession,8612794.475,5272192.1,28996000.0,13778500.0,33682372.5,15255397.5
47,severe,19154853.85,15814251.475,51059250.0,35841750.0,57633743.75,39206768.75
47,independent,3348253.5,7651.125,8695000.0,-6522500.0,9505287.5,-8921687.5
47,high_correlation,3327923.25,-12679.125,21705000.0,6487500.0,28122237.5,9695262.5
48,baseline,3405939.5,0.0,15302500.0,0.0,18610412.5,0.0
48,recession,8721409.425,5315469.925,29425500.0,14123000.0,33418625.0,14808212.5
48,severe,19337725.9625,15931786.4625,51515750.0,36213250.0,57184050.0,38573637.5
48,independent,3387331.25,-18608.25,8605000.0,-6697500.0,9537212.5,-9073200.0
48,high_correlation,3427887.5,21948.0,22385000.0,7082500.0,27501625.0,8891212.5
49,baseline,3377304.875,0.0,15077500.0,0.0,18693250.0,0.0
49,recession,8637601.0,5260296.125,29689500.0,14612000.0,33667542.5,14974292.5
49,severe,19164382.6,15787077.725,51282000.0,36204500.0,57000845.0,38307595.0
49,independent,3377791.125,486.25,8680000.0,-6397500.0,9614112.5,-9079137.5
49,high_correlation,3363177.75,-14127.125,22290000.0,7212500.0,27864237.5,9170987.5
50,baseline,3351873.25,0.0,15075000.0,0.0,18597912.5,0.0
50,recession,8671035.45,5319162.2,29501000.0,14426000.0,34064972.5,15467060.0
50,severe,19229080.8875,15877207.6375,51634000.0,36559000.0,58045143.75,39447231.25
50,independent,3358673.125,6799.875,8652500.0,-6422500.0,9565350.0,-9032562.5
50,high_correlation,3368805.875,16932.625,22287500.0,7212500.0,28398700.0,9800787.5
51,baseline,3373913.25,0.0,15205000.0,0.0,17871137.5,0.0
51,recession,8637453.475,5263540.225,28894000.0,13689000.0,32809622.5,14938485.0
51,severe,19223852.175,15849938.925,51191250.0,35986250.0,56923267.5,39052130.0
51,independent,3373783.25,-130.0,8765000.0,-6440000.0,9714750.0,-8156387.5
51,high_correlation,3352226.375,-21686.875,21607500.0,6402500.0,26795162.5,8924025.0
52,baseline,3359338.75,0.0,15140000.0,0.0,18803325.0,0.0
52,recession,8649830.225,5290491.475,29727500.0,14587500.0,34186887.5,15383562.5
52,severe,19171675.1875,15812336.4375,52093250.0,36953250.0,57889397.5,39086072.5
52,independent,3364600.625,5261.875,8710000.0,-6430000.0,9583175.0,-9220150.0
52,high_correlation,3372988.875,13650.125,22652500.0,7512500.0,28637562.5,9834237.5
53,baseline,3350148.125,0.0,15077500.0,0.0,17865425.0,0.0
53,recession,8605222.125,5255074.0,28550000.0,13472500.0,32967067.5,15101642.5
53,severe,19135505.4,15785357.275,51122500.0,36045000.0,56306703.75,38441278.75
53,independent,3359995.625,9847.5,8680000.0,-6397500.0,9497325.0,-8368100.0
53,high_correlation,3353226.25,3078.125,21215000.0,6137500.0,26730375.0,8864950.0
54,baseline,3379973.125,0.0,15280000.0,0.0,18650087.5,0.0
54,recession,8654520.45,5274547.325,29451000.0,14171000.0,33766075.0,15115987.5
54,severe,19182293.625,15802320.5,51117000.0,35837000.0,57398398.75,38748311.25
54,independent,3363674.75,-16298.375,8695000.0,-6585000.0,9559662.5,-9090425.0
54,high_correlation,3386039.75,6066.625,22287500.0,7007500.0,27890800.0,9240712.5
55,baseline,3379214.75,0.0,15037500.0,0.0,18511037.5,0.0
55,recession,8668553.35,5289338.6,29056000.0,14018500.0,33797765.0,15286727.5
55,severe,19168394.025,15789179.275,51207750.0,36170250.0,57090096.25,38579058.75
55,independent,3379146.875,-67.875,8765000.0,-6272500.0,9740925.0,-8770112.5
55,high_correlation,3362206.125,-17008.625,21830000.0,6792500.0,27738212.5,9227175.0
56,baseline,3411067.125,0.0,15360000.0,0.0,18597475.0,0.0
56,recession,8727481.05,5316413.925,29547000.0,14187000.0,33861027.5,15263552.5
56,severe,19347951.0125,15936883.8875,51147250.0,35787250.0,56611445.0,38013970.0
56,independent,3357730.0,-53337.125,8770000.0,-6590000.0,9623525.0,-8973950.0
56,high_correlation,3418917.5,7850.375,22127500.0,6767500.0,27769175.0,9171700.0
57,baseline,3397801.375,0.0,14957500.0,0.0,18122300.0,0.0
57,recession,8736822.05,5339020.675,28973000.0,14015500.0,33232970.0,15110670.0
57,severe,19387046.1125,15989244.7375,50481750.0,35524250.0,56410282.5,38287982.5
57,independent,3376625.625,-21175.75,8717500.0,-6240000.0,9661600.0,-8460700.0
57,high_correlation,3410039.625,12238.25,22380000.0,7422500.0,27420350.0,9298050.0
58,baseline,3380051.25,0.0,15205000.0,0.0,18466950.0,0.0
58,recession,8672891.075,5292839.825,29708500.0,14503500.0,33775770.0,15308820.0
58,severe,19271202.775,15891151.525,51667000.0,36462000.0,57742533.75,39275583.75
58,independent,3343363.5,-36687.75,8647500.0,-6557500.0,9601725.0,-8865225.0
58,high_correlation,3403210.0,23158.75,22560000.0,7355000.0,27797200.0,9330250.0
59,baseline,3372098.125,0.0,15052500.0,0.0,18247412.5,0.0
59,recession,8644209.8,5272111.675,28550000.0,13497500.0,33093810.0,14846397.5
59,severe,19157771.7375,15785673.6125,51147250.0,36094750.0,56799118.75,38551706.25
59,independent,3360714.125,-11384.0,8672500.0,-6380000.0,9568500.0,-8678912.5
59,high_correlation,3369840.25,-2257.875,22287500.0,7235000.0,27358875.0,9111462.5
60,baseline,3396224.125,0.0,15435000.0,0.0,18409400.0,0.0
60,recession,8720798.15,5324574.025,29599000.0,14164000.0,33454220.0,15044820.0
60,severe,19312816.1875,15916592.0625,51191250.0,35756250.0,56771495.0,38362095.0
60,independent,3380971.875,-15252.25,8762500.0,-6672500.0,9757900.0,-8651500.0
60,high_correlation,3386444.25,-9779.875,22287500.0,6852500.0,27703100.0,9293700.0
61,baseline,3364332.5,0.0,15052500.0,0.0,18607875.0,0.0
61,recession,8621962.425,5257629.925,29689500.0,14637000.0,34360535.0,15752660.0
61,severe,19111070.825,15746738.325,52137250.0,37084750.0,57746590.0,39138715.0
61,independent,3365060.125,727.625,8780000.0,-6272500.0,9708662.5,-8899212.5
61,high_correlation,3354055.0,-10277.5,22567500.0,7515000.0,28521237.5,9913362.5
62,baseline,3414703.375,0.0,15695000.0,0.0,19446762.5,0.0
62,recession,8739908.075,5325204.7,29921000.0,14226000.0,34134932.5,14688170.0
62,severe,19306811.0125,15892107.6375,51790750.0,36095750.0,57426792.5,37980030.0
62,independent,3375619.125,-39084.25,8727500.0,-6967500.0,9597075.0,-9849687.5
62,high_correlation,3446058.75,31355.375,22735000.0,7040000.0,28950350.0,9503587.5
63,baseline,3416399.375,0.0,15650000.0,0.0,18796925.0,0.0
63,recession,8753765.4,5337366.025,29921000.0,14271000.0,34508387.5,15711462.5
63,severe,19322980.7375,15906581.3625,52093250.0,36443250.0,58079945.0,39283020.0
63,independent,3388707.375,-27692.0,8732500.0,-6917500.0,9712162.5,-9084762.5
63,high_correlation,3454777.875,38378.5,22672500.0,7022500.0,28549612.5,9752687.5
64,baseline,3354266.75,0.0,15372500.0,0.0,18972937.5,0.0
64,recession,8587023.95,5232757.2,29063500.0,13691000.0,33309812.5,14336875.0
64,severe,19077167.725,15722900.975,51326000.0,35953500.0,56833906.25,37860968.75
64,independent,3360460.25,6193.5,8705000.0,-6667500.0,9541475.0,-9431462.5
64,high_correlation,3331378.0,-22888.75,22380000.0,7007500.0,27942775.0,8969837.5
65,baseline,3361887.875,0.0,15052500.0,0.0,18506375.0,0.0
65,recession,8625972.9,5264085.025,29501000.0,14448500.0,33943282.5,15436907.5
65,severe,19155887.7125,15793999.8375,51661500.0,36609000.0,57864221.25,39357846.25
65,independent,3361312.375,-575.5,8770000.0,-6282500.0,9779287.5,-8727087.5
65,high_correlation,3361746.875,-141.0,21830000.0,6777500.0,27942950.0,9436575.0
66,baseline,3368585.375,0.0,14750000.0,0.0,18122175.0,0.0
66,recession,8634318.225,5265732.85,28879000.0,14129000.0,33460035.0,15337860.0
66,severe,19114300.975,15745715.6,50831000.0,36081000.0,57043662.5,38921487.5
66,independent,3353050.875,-15534.5,8697500.0,-6052500.0,9498662.5,-8623512.5
66,high_correlation,3363373.0,-5212.375,21880000.0,7130000.0,27494562.5,9372387.5
67,baseline,3365975.75,0.0,15655000.0,0.0,18804512.5,0.0
67,recession,8642536.375,5276560.625,29425500.0,13770500.0,33630210.0,14825697.5
67,severe,19175687.9875,15809712.2375,50831000.0,35176000.0,56925921.25,38121408.75
67,independent,3356972.875,-9002.875,8760000.0,-6895000.0,9631637.5,-9172875.0
67,high_correlation,3369716.75,3741.0,22127500.0,6472500.0,27797962.5,8993450.0
68,baseline,3398335.5,0.0,15080000.0,0.0,18776237.5,0.0
68,recession,8677566.65,5279231.15,29708500.0,14628500.0,33997140.0,15220902.5
68,severe,19205746.5875,15807411.0875,51326000.0,36246000.0,57325716.25,38549478.75
68,independent,3401567.25,3231.75,8730000.0,-6350000.0,9619812.5,-9156425.0
68,high_correlation,3396673.375,-1662.125,22462500.0,7382500.0,28020112.5,9243875.0
69,baseline,3364288.5,0.0,15325000.0,0.0,18786862.5,0.0
69,recession,8650580.375,5286291.875,29262000.0,13937000.0,34037482.5,15250620.0
69,severe,19183948.025,15819659.525,51265500.0,35940500.0,57665932.5,38879070.0
69,independent,3356212.125,-8076.375,8732500.0,-6592500.0,9676425.0,-9110437.5
69,high_correlation,3359755.25,-4533.25,22385000.0,7060000.0,28224300.0,9437437.5
70,baseline,3404256.0,0.0,15180000.0,0.0,18713587.5,0.0
70,recession,8734387.2,5330131.2,29063500.0,13883500.0,33754472.5,15040885.0
70,severe,19341817.275,15937561.275,51282000.0,36102000.0,57644633.75,38931046.25
70,independent,3374287.25,-29968.75,8647500.0,-6532500.0,9589237.5,-9124350.0
70,high_correlation,3410240.25,5984.25,21985000.0,6805000.0,27819200.0,9105612.5
71,baseline,3354382.375,0.0,15560000.0,0.0,19130775.0,0.0
71,recession,8615266.275,5260883.9,29451000.0,13891000.0,34301642.5,15170867.5
71,severe,19176918.0625,15822535.6875,51667000.0,36107000.0,58018523.75,38887748.75
71,independent,3365785.875,11403.5,8705000.0,-6855000.0,9526625.0,-9604150.0
71,high_correlation,3332043.875,-22338.5,22127500.0,6567500.0,28751075.0,9620300.0
72,baseline,3375841.375,0.0,15655000.0,0.0,18671362.5,0.0
72,recession,8676645.325,5300803.95,29912000.0,14257000.0,34038047.5,15366685.0
72,severe,19277366.625,15901525.25,51790750.0,36135750.0,57908221.25,39236858.75
72,independent,3369209.25,-6632.125,8625000.0,-7030000.0,9533987.5,-9137375.0
72,high_correlation,3391074.75,15233.375,23182500.0,7527500.0,28613675.0,9942312.5
73,baseline,3387339.625,0.0,15375000.0,0.0,18273800.0,0.0
73,recession,8704250.9,5316911.275,29921000.0,14546000.0,33743685.0,15469885.0
73,severe,19276688.2,15889348.575,52131750.0,36756750.0,57516992.5,39243192.5
73,independent,3370802.0,-16537.625,8755000.0,-6620000.0,9686375.0,-8587425.0
73,high_correlation,3398207.625,10868.0,22652500.0,7277500.0,27628675.0,9354875.0
74,baseline,3390758.875,0.0,14957500.0,0.0,18304700.0,0.0
74,recession,8704737.475,5313978.6,29063500.0,14106000.0,33369087.5,15064387.5
74,severe,19322680.9875,15931922.1125,51337000.0,36379500.0,57332467.5,39027767.5
74,independent,3356749.5,-34009.375,8612500.0,-6345000.0,9467625.0,-8837075.0
74,high_correlation,3395965.625,5206.75,22287500.0,7330000.0,27628925.0,9324225.0
75,baseline,3400172.25,0.0,14957500.0,0.0,18162187.5,0.0
75,recession,8739716.7,5339544.45,29451000.0,14493500.0,33535747.5,15373560.0
75,severe,19343065.0875,15942892.8375,51326000.0,36368500.0,56828543.75,38666356.25
75,independent,3385416.375,-14755.875,8830000.0,-6127500.0,9744500.0,-8417687.5
75,high_correlation,3398240.75,-1931.5,22085000.0,7127500.0,27574775.0,9412587.5
76,baseline,3398985.25,0.0,15655000.0,0.0,19162087.5,0.0
76,recession,8727835.25,5328850.0,30293000.0,14638000.0,34709405.0,15547317.5
76,severe,19341370.125,15942384.875,52382000.0,36727000.0,58255546.25,39093458.75
76,independent,3370148.5,-28836.75,8705000.0,-6950000.0,9591075.0,-9571012.5
76,high_correlation,3412450.375,13465.125,22735000.0,7080000.0,28850662.5,9688575.0
77,baseline,3337381.5,0.0,14252500.0,0.0,17351837.5,0.0
77,recession,8631027.3,5293645.8,28298000.0,14045500.0,32624185.0,15272347.5
77,severe,19149708.4625,15812326.9625,49676000.0,35423500.0,55635263.75,38283426.25
77,independent,3354527.875,17146.375,8640000.0,-5612500.0,9607050.0,-7744787.5
77,high_correlation,3317475.125,-19906.375,21300000.0,7047500.0,26341075.0,8989237.5
78,baseline,3374788.5,0.0,15332500.0,0.0,18324412.5,0.0
78,recession,8645291.6,5270503.1,29395000.0,14062500.0,33141925.0,14817512.5
78,severe,19203812.375,15829023.875,51059250.0,35726750.0,56695498.75,38371086.25
78,independent,3342638.75,-32149.75,8627500.0,-6705000.0,9458900.0,-8865512.5
78,high_correlation,3375454.5,666.0,22085000.0,6752500.0,27213575.0,8889162.5
79,baseline,3394254.625,0.0,14985000.0,0.0,18174312.5,0.0
79,recession,8713787.075,5319532.45,29056000.0,14071000.0,33463140.0,15288827.5
79,severe,19300605.6375,15906351.0125,51449750.0,36464750.0,56965287.5,38790975.0
79,independent,3360192.25,-34062.375,8592500.0,-6392500.0,9495800.0,-8678512.5
79,high_correlation,3412767.5,18512.875,22127500.0,7142500.0,27583612.5,9409300.0
80,baseline,3385418.875,0.0,15217500.0,0.0,18315012.5,0.0
80,recession,8689262.525,5303843.65,28955000.0,13737500.0,33256970.0,14941957.5
80,severe,19236276.125,15850857.25,51317750.0,36100250.0,56651553.75,38336541.25
80,independent,3369545.625,-15873.25,8640000.0,-6577500.0,9544950.0,-8770062.5
80,high_correlation,3378785.25,-6633.625,21957500.0,6740000.0,27075850.0,8760837.5
81,baseline,3364026.375,0.0,14977500.0,0.0,18171012.5,0.0
81,recession,8647239.625,5283213.25,28887500.0,13910000.0,33242712.5,15071700.0
81,severe,19142506.2125,15778479.8375,50965750.0,35988250.0,56773860.0,38602847.5
81,independent,3361164.125,-2862.25,8752500.0,-6225000.0,9666825.0,-8504187.5
81,high_correlation,3349050.25,-14976.125,21215000.0,6237500.0,26748825.0,8577812.5
82,baseline,3384223.625,0.0,15052500.0,0.0,18253037.5,0.0
82,recession,8667192.85,5282969.225,28964000.0,13911500.0,33288262.5,15035225.0
82,severe,19258566.25,15874342.625,51458000.0,36405500.0,56833163.75,38580126.25
82,independent,3344327.125,-39896.5,8672500.0,-6380000.0,9558787.5,-8694250.0
82,high_correlation,3375463.0,-8760.625,21735000.0,6682500.0,27083725.0,8830687.5
83,baseline,3367206.25,0.0,14957500.0,0.0,18208387.5,0.0
83,recession,8655236.65,5288030.4,29055000.0,14097500.0,32902292.5,14693905.0
83,severe,19179301.625,15812095.375,50833750.0,35876250.0,56358541.25,38150153.75
83,independent,3370898.125,3691.875,8732500.0,-6225000.0,9630087.5,-8578300.0
83,high_correlation,3352303.5,-14902.75,21957500.0,7000000.0,26998425.0,8790037.5
84,baseline,3362295.75,0.0,15375000.0,0.0,18815687.5,0.0
84,recession,8664385.7,5302089.95,29824000.0,14449000.0,34021370.0,15205682.5
84,severe,19231291.75,15868996.0,52137250.0,36762250.0,57478382.5,38662695.0
84,independent,3346236.5,-16059.25,8600000.0,-6775000.0,9480950.0,-9334737.5
84,high_correlation,3380764.25,18468.5,22567500.0,7192500.0,28081812.5,9266125.0
85,baseline,3363552.75,0.0,15077500.0,0.0,18504437.5,0.0
85,recession,8643259.65,5279706.9,29547000.0,14469500.0,33893845.0,15389407.5
85,severe,19192288.0875,15828735.3375,51634000.0,36556500.0,57549937.5,39045500.0
85,independent,3361070.875,-2481.875,8625000.0,-6452500.0,9480450.0,-9023987.5
85,high_correlation,3353227.625,-10325.125,22000000.0,6922500.0,27839450.0,9335012.5
86,baseline,3358066.25,0.0,14822500.0,0.0,18484512.5,0.0
86,recession,8632772.925,5274706.675,28518500.0,13696000.0,33588557.5,15104045.0
86,severe,19143333.0,15785266.75,51518500.0,36696000.0,57446963.75,38962451.25
86,independent,3378570.25,20504.0,8760000.0,-6062500.0,9553475.0,-8931037.5
86,high_correlation,3347145.75,-10920.5,21725000.0,6902500.0,27941712.5,9457200.0
87,baseline,3315761.5,0.0,14725000.0,0.0,18253650.0,0.0
87,recession,8548335.825,5232574.325,28518500.0,13793500.0,33180595.0,14926945.0
87,severe,19061599.975,15745838.475,50770500.0,36045500.0,56668975.0,38415325.0
87,independent,3347424.0,31662.5,8652500.0,-6072500.0,9568275.0,-8685375.0
87,high_correlation,3302245.125,-13516.375,21160000.0,6435000.0,27018075.0,8764425.0
88,baseline,3383619.875,0.0,15325000.0,0.0,18733962.5,0.0
88,recession,8640435.1,5256815.225,29547000.0,14222000.0,33970112.5,15236150.0
88,severe,19168522.5875,15784902.7125,51342500.0,36017500.0,57411543.75,38677581.25
88,independent,3354611.875,-29008.0,8600000.0,-6725000.0,9531087.5,-9202875.0
88,high_correlation,3382290.375,-1329.5,22567500.0,7242500.0,28020850.0,9286887.5
89,baseline,3365588.75,0.0,14662500.0,0.0,17840500.0,0.0
89,recession,8642827.025,5277238.275,28357000.0,13694500.0,32600852.5,14760352.5
89,severe,19158704.125,15793115.375,51059250.0,36396750.0,56629278.75,38788778.75
89,independent,3389834.5,24245.75,8765000.0,-5897500.0,9562450.0,-8278050.0
89,high_correlation,3336652.5,-28936.25,21252500.0,6590000.0,26589762.5,8749262.5
90,baseline,3367145.625,0.0,15260000.0,0.0,18327875.0,0.0
90,recession,8643561.8,5276416.175,29025500.0,13765500.0,33282532.5,14954657.5
90,severe,19157544.0375,15790398.4125,51455250.0,36195250.0,57087910.0,38760035.0
90,independent,3375169.875,8024.25,8672500.0,-6587500.0,9519975.0,-8807900.0
90,high_correlation,3349152.25,-17993.375,22345000.0,7085000.0,27269375.0,8941500.0
91,baseline,3396203.0,0.0,15080000.0,0.0,18540700.0,0.0
91,recession,8702432.35,5306229.35,29599000.0,14519000.0,33691610.0,15150910.0
91,severe,19230320.0375,15834117.0375,51326000.0,36246000.0,57125598.75,38584898.75
91,independent,3373453.0,-22750.0,8605000.0,-6475000.0,9441375.0,-9099325.0
91,high_correlation,3382259.75,-13943.25,22172500.0,7092500.0,27936325.0,9395625.0
92,baseline,3404274.5,0.0,15180000.0,0.0,18620262.5,0.0
92,recession,8722574.6,5318300.1,29501000.0,14321000.0,33780115.0,15159852.5
92,severe,19367908.0375,15963633.5375,51455250.0,36275250.0,57189536.25,38569273.75
92,independent,3363594.0,-40680.5,8732500.0,-6447500.0,9635275.0,-8984987.5
92,high_correlation,3415710.0,11435.5,22380000.0,7200000.0,27884400.0,9264137.5
93,baseline,3428160.625,0.0,15325000.0,0.0,18558875.0,0.0
93,recession,8763153.375,5334992.75,29712500.0,14387500.0,33784355.0,15225480.0
93,severe,19355276.05,15927115.425,51711000.0,36386000.0,57335726.25,38776851.25
93,independent,3401578.625,-26582.0,8762500.0,-6562500.0,9755600.0,-8803275.0
93,high_correlation,3444825.125,16664.5,22567500.0,7242500.0,27666300.0,9107425.0
94,baseline,3356113.25,0.0,14945000.0,0.0,18098362.5,0.0
94,recession,8634605.35,5278492.1,28652500.0,13707500.0,33118257.5,15019895.0
94,severe,19156450.775,15800337.525,51147250.0,36202250.0,56506711.25,38408348.75
94,independent,3357220.0,1106.75,8592500.0,-6352500.0,9509875.0,-8588487.5
94,high_correlation,3360025.25,3912.0,21725000.0,6780000.0,27333012.5,9234650.0
95,baseline,3381999.75,0.0,15077500.0,0.0,17951325.0,0.0
95,recession,8695229.9,5313230.15,29289000.0,14211500.0,33236680.0,15285355.0
95,severe,19233184.3,15851184.55,51455250.0,36377750.0,56677596.25,38726271.25
95,independent,3388004.625,6004.875,8732500.0,-6345000.0,9677000.0,-8274325.0
95,high_correlation,3394689.625,12689.875,21880000.0,6802500.0,27285725.0,9334400.0
96,baseline,3345932.25,0.0,14947500.0,0.0,18327337.5,0.0
96,recession,8616657.1,5270724.85,28879000.0,13931500.0,32946267.5,14618930.0
96,severe,19172873.3625,15826941.1125,50952000.0,36004500.0,56070451.25,37743113.75
96,independent,3342486.125,-3446.125,8687500.0,-6260000.0,9662975.0,-8664362.5
96,high_correlation,3316283.125,-29649.125,21350000.0,6402500.0,26789625.0,8462287.5
97,baseline,3382275.125,0.0,14977500.0,0.0,18721725.0,0.0
97,recession,8676136.05,5293860.925,28976000.0,13998500.0,33742840.0,15021115.0
97,severe,19239652.575,15857377.45,51727500.0,36750000.0,57486770.0,38765045.0
97,independent,3371617.125,-10658.0,8765000.0,-6212500.0,9646737.5,-9074987.5
97,high_correlation,3388712.625,6437.5,21735000.0,6757500.0,27808725.0,9087000.0
98,baseline,3374685.5,0.0,14947500.0,0.0,18465912.5,0.0
98,recession,8654776.625,5280091.125,29055000.0,14107500.0,33482207.5,15016295.0
98,severe,19192940.3875,15818254.8875,51337000.0,36389500.0,57472016.25,39006103.75
98,independent,3378212.625,3527.125,8712500.0,-6235000.0,9524987.5,-8940925.0
98,high_correlation,3374563.625,-121.875,21990000.0,7042500.0,27819675.0,9353762.5
99,baseline,3373369.875,0.0,15587500.0,0.0,18686262.5,0.0
99,recession,8639263.3,5265893.425,29689500.0,14102000.0,33696647.5,15010385.0
99,severe,19203737.9875,15830368.1125,51337000.0,35749500.0,57796750.0,39110487.5
99,independent,3370198.75,-3171.125,8712500.0,-6875000.0,9648287.5,-9037975.0
99,high_correlation,3371918.625,-1451.25,23365000.0,7777500.0,28393187.5,9706925.0
100,baseline,3405577.375,0.0,14957500.0,0.0,18639287.5,0.0
100,recession,8697919.75,5292342.375,29599000.0,14641500.0,33830962.5,15191675.0
100,severe,19260265.8875,15854688.5125,51122500.0,36165000.0,57217586.25,38578298.75
100,independent,3354347.875,-51229.5,8697500.0,-6260000.0,9623425.0,-9015862.5
100,high_correlation,3403580.75,-1996.625,22290000.0,7332500.0,28115325.0,9476037.5
101,baseline,3428647.25,0.0,14977500.0,0.0,18416487.5,0.0
101,recession,8746552.8,5317905.55,29055000.0,14077500.0,33560867.5,15144380.0
101,severe,19297211.5875,15868564.3375,51342500.0,36365000.0,56913422.5,38496935.0
101,independent,3384819.375,-43827.875,8712500.0,-6265000.0,9655687.5,-8760800.0
101,high_correlation,3433671.5,5024.25,22172500.0,7195000.0,27542650.0,9126162.5
102,baseline,3375217.375,0.0,15077500.0,0.0,18655937.5,0.0
102,recession,8675148.2,5299930.825,29547000.0,14469500.0,33889475.0,15233537.5
102,severe,19236014.325,15860796.95,51515750.0,36438250.0,57610341.25,38954403.75
102,independent,3366642.75,-8574.625,8752500.0,-6325000.0,9618350.0,-9037587.5
102,high_correlation,3381739.0,6521.625,22290000.0,7212500.0,27958075.0,9302137.5
103,baseline,3367137.625,0.0,15372500.0,0.0,18648762.5,0.0
103,recession,8639809.675,5272672.05,29547000.0,14174500.0,34025512.5,15376750.0
103,severe,19216832.525,15849694.9,51458000.0,36085500.0,57815917.5,39167155.0
103,independent,3366910.25,-227.375,8727500.0,-6645000.0,9720550.0,-8928212.5
103,high_correlation,3360776.875,-6360.75,22287500.0,6915000.0,27894600.0,9245837.5
104,baseline,3363066.375,0.0,15080000.0,0.0,18392350.0,0.0
104,recession,8609869.3,5246802.925,29370000.0,14290000.0,33559435.0,15167085.0
104,severe,19127081.875,15764015.5,51447000.0,36367000.0,57288096.25,38895746.25
104,independent,3360865.75,-2200.625,8652500.0,-6427500.0,9551662.5,-8840687.5
104,high_correlation,3356409.875,-6656.5,22000000.0,6920000.0,27963512.5,9571162.5
105,baseline,3366681.875,0.0,14975000.0,0.0,18166900.0,0.0
105,recession,8636738.875,5270057.0,29547000.0,14572000.0,33576355.0,15409455.0
105,severe,19189558.9875,15822877.1125,51719250.0,36744250.0,57531182.5,39364282.5
105,independent,3369012.25,2330.375,8760000.0,-6215000.0,9537275.0,-8629625.0
105,high_correlation,3355902.875,-10779.0,22385000.0,7410000.0,27822387.5,9655487.5
106,baseline,3398435.375,0.0,14977500.0,0.0,18706812.5,0.0
106,recession,8709685.875,5311250.5,28430500.0,13453000.0,33769147.5,15062335.0
106,severe,19273522.125,15875086.75,51603750.0,36626250.0,57113540.0,38406727.5
106,independent,3387416.875,-11018.5,8697500.0,-6280000.0,9663562.5,-9043250.0
106,high_correlation,3397923.5,-511.875,22380000.0,7402500.0,28223987.5,9517175.0
107,baseline,3400830.375,0.0,15375000.0,0.0,18816250.0,0.0
107,recession,8697777.475,5296947.1,29712500.0,14337500.0,33873107.5,15056857.5
107,severe,19305942.0125,15905111.6375,51958500.0,36583500.0,57840337.5,39024087.5
107,independent,3365199.625,-35630.75,8620000.0,-6755000.0,9590075.0,-9226175.0
107,high_correlation,3439276.625,38446.25,22585000.0,7210000.0,28055437.5,9239187.5
108,baseline,3395114.125,0.0,15077500.0,0.0,18482062.5,0.0
108,recession,8677118.85,5282004.725,28976000.0,13898500.0,33502910.0,15020847.5
108,severe,19224157.2875,15829043.1625,51117000.0,36039500.0,57271073.75,38789011.25
108,independent,3399532.75,4418.625,8697500.0,-6380000.0,9670875.0,-8811187.5
108,high_correlation,3392994.5,-2119.625,21927500.0,6850000.0,28027287.5,9545225.0
109,baseline,3408897.125,0.0,15325000.0,0.0,18612525.0,0.0
109,recession,8757725.825,5348828.7,29395000.0,14070000.0,33827977.5,15215452.5
109,severe,19362558.875,15953661.75,51458000.0,36133000.0,57479702.5,38867177.5
109,independent,3378608.0,-30289.125,8712500.0,-6612500.0,9729650.0,-8882875.0
109,high_correlation,3438709.125,29812.0,22462500.0,7137500.0,28106375.0,9493850.0
110,baseline,3390461.0,0.0,15217500.0,0.0,18649787.5,0.0
110,recession,8679343.0,5288882.0,29533500.0,14316000.0,33792227.5,15142440.0
110,severe,19264013.0375,15873552.0375,51515750.0,36298250.0,57347193.75,38697406.25
110,independent,3362250.25,-28210.75,8705000.0,-6512500.0,9540187.5,-9109600.0
110,high_correlation,3418050.5,27589.5,22560000.0,7342500.0,28045050.0,9395262.5
111,baseline,3369186.375,0.0,14605000.0,0.0,17879825.0,0.0
111,recession,8642798.2,5273611.825,28030500.0,13425500.0,32766932.5,14887107.5
111,severe,19227068.575,15857882.2,50721000.0,36116000.0,56425875.0,38546050.0
111,independent,3381252.25,12065.875,8647500.0,-5957500.0,9531425.0,-8348400.0
111,high_correlation,3357604.5,-11581.875,21250000.0,6645000.0,26938912.5,9059087.5
112,baseline,3379934.75,0.0,15080000.0,0.0,18347675.0,0.0
112,recession,8662619.475,5282684.725,29014000.0,13934000.0,33129115.0,14781440.0
112,severe,19250327.3875,15870392.6375,51207750.0,36127750.0,56641117.5,38293442.5
112,independent,3370299.25,-9635.5,8700000.0,-6380000.0,9520275.0,-8827400.0
112,high_correlation,3386020.0,6085.25,21957500.0,6877500.0,27155450.0,8807775.0
113,baseline,3348247.75,0.0,15797500.0,0.0,19182437.5,0.0
113,recession,8605516.85,5257269.1,29689500.0,13892000.0,34054812.5,14872375.0
113,severe,19079792.7375,15731544.9875,52467250.0,36669750.0,57914037.5,38731600.0
113,independent,3376109.875,27862.125,8705000.0,-7092500.0,9583400.0,-9599037.5
113,high_correlation,3328786.5,-19461.25,22735000.0,6937500.0,28588850.0,9406412.5
114,baseline,3441468.25,0.0,15077500.0,0.0,18326587.5,0.0
114,recession,8777748.75,5336280.5,29262000.0,14184500.0,33325747.5,14999160.0
114,severe,19451113.275,16009645.025,51317750.0,36240250.0,56693491.25,38366903.75
114,independent,3363826.5,-77641.75,8672500.0,-6405000.0,9516387.5,-8810200.0
114,high_correlation,3458476.375,17008.125,21830000.0,6752500.0,27242725.0,8916137.5
115,baseline,3395158.125,0.0,15807500.0,0.0,19109687.5,0.0
115,recession,8702121.525,5306963.4,29708500.0,13901000.0,33805072.5,14695385.0
115,severe,19256016.725,15860858.6,51958500.0,36151000.0,57280960.0,38171272.5
115,independent,3388105.375,-7052.75,8705000.0,-7102500.0,9672300.0,-9437387.5
115,high_correlation,3408266.125,13108.0,22735000.0,6927500.0,28460087.5,9350400.0
116,baseline,3361773.125,0.0,14750000.0,0.0,18232187.5,0.0
116,recession,8641204.075,5279430.95,28199000.0,13449000.0,33479367.5,15247180.0
116,severe,19178343.3875,15816570.2625,51337000.0,36587000.0,57483552.5,39251365.0
116,independent,3380890.0,19116.875,8595000.0,-6155000.0,9599050.0,-8633137.5
116,high_correlation,3350653.5,-11119.625,21607500.0,6857500.0,27484400.0,9252212.5
117,baseline,3425595.25,0.0,15217500.0,0.0,18576162.5,0.0
117,recession,8755293.0,5329697.75,28518500.0,13301000.0,33392455.0,14816292.5
117,severe,19384391.125,15958795.875,51207750.0,35990250.0,57041256.25,38465093.75
117,independent,3367292.125,-58303.125,8710000.0,-6507500.0,9547225.0,-9028937.5
117,high_correlation,3416323.375,-9271.875,21830000.0,6612500.0,27761837.5,9185675.0
118,baseline,3383510.375,0.0,15302500.0,0.0,19036900.0,0.0
118,recession,8678591.525,5295081.15,29708500.0,14406000.0,33986757.5,14949857.5
118,severe,19233163.125,15849652.75,51337000.0,36034500.0,57330157.5,38293257.5
118,independent,3382307.5,-1202.875,8732500.0,-6570000.0,9606087.5,-9430812.5
118,high_correlation,3372747.0,-10763.375,22345000.0,7042500.0,27824075.0,8787175.0
119,baseline,3346635.5,0.0,14895000.0,0.0,18000500.0,0.0
119,recession,8631312.0,5284676.5,28894000.0,13999000.0,33099467.5,15098967.5
119,severe,19152653.4375,15806017.9375,50721000.0,35826000.0,56206315.0,38205815.0
119,independent,3357892.375,11256.875,8710000.0,-6185000.0,9658037.5,-8342462.5
119,high_correlation,3338532.375,-8103.125,21422500.0,6527500.0,26956137.5,8955637.5
120,baseline,3437346.75,0.0,15587500.0,0.0,18892200.0,0.0
120,recession,8785990.05,5348643.3,29774000.0,14186500.0,34210557.5,15318357.5
120,severe,19383884.7125,15946537.9625,51634000.0,36046500.0,57815738.75,38923538.75
120,independent,3391473.875,-45872.875,8790000.0,-6797500.0,9714212.5,-9177987.5
120,high_correlation,3464602.375,27255.625,22560000.0,6972500.0,28224437.5,9332237.5
121,baseline,3350872.25,0.0,14507500.0,0.0,17717975.0,0.0
121,recession,8611068.375,5260196.125,28550000.0,14042500.0,32983747.5,15265772.5
121,severe,19113785.625,15762913.375,50965750.0,36458250.0,56353426.25,38635451.25
121,independent,3381867.5,30995.25,8802500.0,-5705000.0,9724800.0,-7993175.0
121,high_correlation,3337620.875,-13251.375,21350000.0,6842500.0,26692300.0,8974325.0
122,baseline,3397237.625,0.0,15052500.0,0.0,18435975.0,0.0
122,recession,8703742.025,5306504.4,28887500.0,13835000.0,33355615.0,14919640.0
122,severe,19322893.0125,15925655.3875,50481750.0,35429250.0,56917946.25,38481971.25
122,independent,3377476.5,-19761.125,8730000.0,-6322500.0,9680075.0,-8755900.0
122,high_correlation,3392916.375,-4321.25,21307500.0,6255000.0,27369650.0,8933675.0
123,baseline,3389503.125,0.0,15332500.0,0.0,18483525.0,0.0
123,recession,8669519.425,5280016.3,29799000.0,14466500.0,33692267.5,15208742.5
123,severe,19256436.5125,15866933.3875,51661500.0,36329000.0,57074613.75,38591088.75
123,independent,3374053.5,-15449.625,8697500.0,-6635000.0,9621700.0,-8861825.0
123,high_correlation,3386787.75,-2715.375,22567500.0,7235000.0,27777625.0,9294100.0
124,baseline,3354741.0,0.0,14697500.0,0.0,18033700.0,0.0
124,recession,8630600.7,5275859.7,28223000.0,13525500.0,32894682.5,14860982.5
124,severe,19205822.35,15851081.35,50842000.0,36144500.0,56717801.25,38684101.25
124,independent,3370366.625,15625.625,8642500.0,-6055000.0,9587300.0,-8446400.0
124,high_correlation,3331914.75,-22826.25,21155000.0,6457500.0,26782837.5,8749137.5
125,baseline,3389728.875,0.0,15080000.0,0.0,18206537.5,0.0
125,recession,8664210.55,5274481.675,28955000.0,13875000.0,33204420.0,14997882.5
125,severe,19238456.875,15848728.0,51603750.0,36523750.0,56943163.75,38736626.25
125,independent,3358128.375,-31600.5,8705000.0,-6375000.0,9584800.0,-8621737.5
125,high_correlation,3378632.0,-11096.875,21735000.0,6655000.0,27322275.0,9115737.5
126,baseline,3403857.375,0.0,14947500.0,0.0,18595637.5,0.0
126,recession,8693002.425,5289145.05,28430500.0,13483000.0,33339107.5,14743470.0
126,severe,19278860.2875,15875002.9125,50770500.0,35823000.0,56343663.75,37748026.25
126,independent,3382120.75,-21736.625,8760000.0,-6187500.0,9628137.5,-8967500.0
126,high_correlation,3391076.875,-12780.5,21250000.0,6302500.0,27067787.5,8472150.0
127,baseline,3326996.625,0.0,15077500.0,0.0,18352637.5,0.0
127,recession,8570370.95,5243374.325,29289000.0,14211500.0,33635600.0,15282962.5
127,severe,19026329.9875,15699333.3625,50965750.0,35888250.0,57176501.25,38823863.75
127,independent,3375901.25,48904.625,8732500.0,-6345000.0,9559775.0,-8792862.5
127,high_correlation,3320114.875,-6881.75,22385000.0,7307500.0,27907112.5,9554475.0
128,baseline,3360355.75,0.0,14937500.0,0.0,18151000.0,0.0
128,recession,8667274.425,5306918.675,28879000.0,13941500.0,33149535.0,14998535.0
128,severe,19204810.9,15844455.15,51147250.0,36209750.0,57050510.0,38899510.0
128,independent,3381792.5,21436.75,8680000.0,-6257500.0,9568025.0,-8582975.0
128,high_correlation,3365085.625,4729.875,21985000.0,7047500.0,27296900.0,9145900.0
129,baseline,3392315.125,0.0,15140000.0,0.0,18421675.0,0.0
129,recession,8675013.225,5282698.1,29055000.0,13915000.0,33521750.0,15100075.0
129,severe,19243361.0875,15851045.9625,51634000.0,36494000.0,57514572.5,39092897.5
129,independent,3374709.0,-17606.125,8675000.0,-6465000.0,9572187.5,-8849487.5
129,high_correlation,3396755.25,4440.125,22572500.0,7432500.0,28085737.5,9664062.5
130,baseline,3404020.375,0.0,15372500.0,0.0,18974550.0,0.0
130,recession,8717427.9,5313407.525,28887500.0,13515000.0,33858492.5,14883942.5
130,severe,19345012.0875,15940991.7125,51207750.0,35835250.0,57277151.25,38302601.25
130,independent,3366057.5,-37962.875,8680000.0,-6692500.0,9496825.0,-9477725.0
130,high_correlation,3404232.875,212.5,22567500.0,7195000.0,28308587.5,9334037.5
131,baseline,3409531.25,0.0,15080000.0,0.0,18579950.0,0.0
131,recession,8726252.5,5316721.25,29689500.0,14609500.0,33927740.0,15347790.0
131,severe,19326133.75,15916602.5,52151000.0,37071000.0,58059086.25,39479136.25
131,independent,3375482.875,-34048.375,8712500.0,-6367500.0,9688250.0,-8891700.0
131,high_correlation,3414719.625,5188.375,22380000.0,7300000.0,28077700.0,9497750.0
132,baseline,3399060.25,0.0,15587500.0,0.0,19086712.5,0.0
132,recession,8702500.525,5303440.275,29727500.0,14140000.0,34337657.5,15250945.0
132,severe,19288805.525,15889745.275,51790750.0,36203250.0,58283445.0,39196732.5
132,independent,3370628.25,-28432.0,8687500.0,-6900000.0,9550562.5,-9536150.0
132,high_correlation,3409415.5,10355.25,22585000.0,6997500.0,28580475.0,9493762.5
133,baseline,3409281.25,0.0,15260000.0,0.0,18455512.5,0.0
133,recession,8738870.85,5329589.6,29708500.0,14448500.0,33598497.5,15142985.0
133,severe,19315385.5125,15906104.2625,51070250.0,35810250.0,57016836.25,38561323.75
133,independent,3372682.75,-36598.5,8712500.0,-6547500.0,9642225.0,-8813287.5
133,high_correlation,3409918.625,637.375,22480000.0,7220000.0,27403175.0,8947662.5
134,baseline,3414902.125,0.0,14947500.0,0.0,18350175.0,0.0
134,recession,8708415.675,5293513.55,29025500.0,14078000.0,33307155.0,14956980.0
134,severe,19339707.475,15924805.35,51317750.0,36370250.0,56880670.0,38530495.0
134,independent,3378675.75,-36226.375,8672500.0,-6275000.0,9558125.0,-8792050.0
134,high_correlation,3418582.625,3680.5,21825000.0,6877500.0,27504537.5,9154362.5
135,baseline,3366920.0,0.0,14985000.0,0.0,18536875.0,0.0
135,recession,8640561.9,5273641.9,29547000.0,14562000.0,33832660.0,15295785.0
135,severe,19178128.3375,15811208.3375,51122500.0,36137500.0,57007706.25,38470831.25
135,independent,3387690.5,20770.5,8732500.0,-6252500.0,9664737.5,-8872137.5
135,high_correlation,3348158.25,-18761.75,22085000.0,7100000.0,27471537.5,8934662.5
136,baseline,3347951.0,0.0,14937500.0,0.0,17976125.0,0.0
136,recession,8601828.35,5253877.35,28996000.0,14058500.0,33103135.0,15127010.0
136,severe,19150633.0125,15802682.0125,51191250.0,36253750.0,57027176.25,39051051.25
136,independent,3361114.375,13163.375,8590000.0,-6347500.0,9493050.0,-8483075.0
136,high_correlation,3351839.125,3888.125,22287500.0,7350000.0,27264812.5,9288687.5
137,baseline,3374502.25,0.0,15375000.0,0.0,18793587.5,0.0
137,recession,8626554.85,5252052.6,29921000.0,14546000.0,33942102.5,15148515.0
137,severe,19193128.35,15818626.1,52131750.0,36756750.0,58259107.5,39465520.0
137,independent,3363032.625,-11469.625,8732500.0,-6642500.0,9719200.0,-9074387.5
137,high_correlation,3369011.25,-5491.0,22570000.0,7195000.0,28755550.0,9961962.5
138,baseline,3424377.0,0.0,15372500.0,0.0,18792550.0,0.0
138,recession,8733655.5,5309278.5,29824000.0,14451500.0,34057110.0,15264560.0
138,severe,19343318.0875,15918941.0875,51634000.0,36261500.0,57341872.5,38549322.5
138,independent,3358069.875,-66307.125,8597500.0,-6775000.0,9455637.5,-9336912.5
138,high_correlation,3436465.875,12088.875,22570000.0,7197500.0,28209725.0,9417175.0
139,baseline,3382133.5,0.0,15655000.0,0.0,18648200.0,0.0
139,recession,8652409.7,5270276.2,29774000.0,14119000.0,33854107.5,15205907.5
139,severe,19211449.95,15829316.45,51282000.0,35627000.0,56964380.0,38316180.0
139,independent,3364184.625,-17948.875,8830000.0,-6825000.0,9758600.0,-8889600.0
139,high_correlation,3366753.125,-15380.375,22385000.0,6730000.0,27798362.5,9150162.5
140,baseline,3340165.875,0.0,14697500.0,0.0,17765050.0,0.0
140,recession,8603006.2,5262840.325,28505500.0,13808000.0,32633387.5,14868337.5
140,severe,19157097.85,15816931.975,50831000.0,36133500.0,55835615.0,38070565.0
140,independent,3366677.125,26511.25,8700000.0,-5997500.0,9600862.5,-8164187.5
140,high_correlation,3312677.75,-27488.125,21007500.0,6310000.0,26478600.0,8713550.0
141,baseline,3370382.5,0.0,15150000.0,0.0,18439000.0,0.0
141,recession,8598238.05,5227855.55,28955000.0,13805000.0,33151175.0,14712175.0
141,severe,19107403.7,15737021.2,51117000.0,35967000.0,56591315.0,38152315.0
141,independent,3382286.875,11904.375,8730000.0,-6420000.0,9659975.0,-8779025.0
141,high_correlation,3355618.25,-14764.25,21990000.0,6840000.0,27282962.5,8843962.5
142,baseline,3383534.625,0.0,15052500.0,0.0,18681050.0,0.0
142,recession,8637060.25,5253525.625,29451000.0,14398500.0,33562382.5,14881332.5
142,severe,19169377.15,15785842.525,51317750.0,36265250.0,56984482.5,38303432.5
142,independent,3383234.0,-300.625,8732500.0,-6320000.0,9518512.5,-9162537.5
142,high_correlation,3358640.5,-24894.125,21985000.0,6932500.0,27641687.5,8960637.5
143,baseline,3367250.125,0.0,15435000.0,0.0,19010362.5,0.0
143,recession,8665279.75,5298029.625,29547000.0,14112000.0,34055347.5,15044985.0
143,severe,19184818.2625,15817568.1375,51147250.0,35712250.0,57281331.25,38270968.75
143,independent,3352469.125,-14781.0,8602500.0,-6832500.0,9508325.0,-9502037.5
143,high_correlation,3371780.875,4530.75,23182500.0,7747500.0,28565350.0,9554987.5
144,baseline,3356478.25,0.0,15302500.0,0.0,18374312.5,0.0
144,recession,8641181.075,5284702.825,29547000.0,14244500.0,33509542.5,15135230.0
144,severe,19203704.9875,15847226.7375,50979500.0,35677000.0,56590462.5,38216150.0
144,independent,3361493.125,5014.875,8705000.0,-6597500.0,9624337.5,-8749975.0
144,high_correlation,3350242.25,-6236.0,22010000.0,6707500.0,27302575.0,8928262.5
145,baseline,3353493.75,0.0,14997500.0,0.0,18400837.5,0.0
145,recession,8689649.925,5336156.175,28955000.0,13957500.0,33428182.5,15027345.0
145,severe,19271557.525,15918063.775,50952000.0,35954500.0,56778741.25,38377903.75
145,independent,3363582.0,10088.25,8717500.0,-6280000.0,9649850.0,-8750987.5
145,high_correlation,3360647.75,7154.0,21705000.0,6707500.0,27254400.0,8853562.5
146,baseline,3359968.0,0.0,14947500.0,0.0,18321500.0,0.0
146,recession,8648749.65,5288781.65,29599000.0,14651500.0,33790785.0,15469285.0
146,severe,19204536.0375,15844568.0375,51191250.0,36243750.0,56870371.25,38548871.25
146,independent,3365436.375,5468.375,8587500.0,-6360000.0,9383075.0,-8938425.0
146,high_correlation,3349610.25,-10357.75,21725000.0,6777500.0,27603300.0,9281800.0
147,baseline,3377345.25,0.0,14957500.0,0.0,18204037.5,0.0
147,recession,8673944.125,5296598.875,29262000.0,14304500.0,33198502.5,14994465.0
147,severe,19268474.775,15891129.525,51059250.0,36101750.0,56933593.75,38729556.25
147,independent,3367052.25,-10293.0,8760000.0,-6197500.0,9748800.0,-8455237.5
147,high_correlation,3372659.5,-4685.75,22000000.0,7042500.0,27316887.5,9112850.0
148,baseline,3369921.0,0.0,15077500.0,0.0,18207437.5,0.0
148,recession,8666096.475,5296175.475,28973000.0,13895500.0,33260477.5,15053040.0
148,severe,19193505.5125,15823584.5125,51326000.0,36248500.0,57050633.75,38843196.25
148,independent,3366534.0,-3387.0,8772500.0,-6305000.0,9701887.5,-8505550.0
148,high_correlation,3354313.0,-15608.0,21607500.0,6530000.0,27188062.5,8980625.0
149,baseline,3368451.875,0.0,15150000.0,0.0,18552987.5,0.0
149,recession,8641658.175,5273206.3,29708500.0,14558500.0,34050547.5,15497560.0
149,severe,19188681.05,15820229.175,52131750.0,36981750.0,58118761.25,39565773.75
149,independent,3386142.125,17690.25,8790000.0,-6360000.0,9720787.5,-8832200.0
149,high_correlation,3378766.625,10314.75,22127500.0,6977500.0,28372387.5,9819400.0
150,baseline,3403422.75,0.0,14895000.0,0.0,18448687.5,0.0
150,recession,8711752.975,5308330.225,28619000.0,13724000.0,33383730.0,14935042.5
150,severe,19307792.4875,15904369.7375,51111500.0,36216500.0,57031947.5,38583260.0
150,independent,3378099.375,-25323.375,8717500.0,-6177500.0,9580250.0,-8868437.5
150,high_correlation,3397702.375,-5720.375,21985000.0,7090000.0,27313012.5,8864325.0
151,baseline,3371035.25,0.0,15180000.0,0.0,18745962.5,0.0
151,recession,8663128.2,5292092.95,29262000.0,14082000.0,33867642.5,15121680.0
151,severe,19218032.2125,15846996.9625,51667000.0,36487000.0,57803748.75,39057786.25
151,independent,3355162.25,-15873.0,8585000.0,-6595000.0,9432787.5,-9313175.0
151,high_correlation,3363843.125,-7192.125,22127500.0,6947500.0,28269825.0,9523862.5
152,baseline,3358939.125,0.0,15077500.0,0.0,18319012.5,0.0
152,recession,8645895.875,5286956.75,29451000.0,14373500.0,33350085.0,15031072.5
152,severe,19111954.8125,15753015.6875,51326000.0,36248500.0,57075026.25,38756013.75
152,independent,3391645.875,32706.75,8812500.0,-6265000.0,9780812.5,-8538200.0
152,high_correlation,3344117.75,-14821.375,22380000.0,7302500.0,27192750.0,8873737.5
153,baseline,3393966.625,0.0,15280000.0,0.0,18462950.0,0.0
153,recession,8702811.75,5308845.125,29289000.0,14009000.0,33676117.5,15213167.5
153,severe,19294957.825,15900991.2,51711000.0,36431000.0,57431495.0,38968545.0
153,independent,3360307.125,-33659.5,8732500.0,-6547500.0,9575250.0,-8887700.0
153,high_correlation,3416079.0,22112.375,22567500.0,7287500.0,28203737.5,9740787.5
154,baseline,3342870.75,0.0,14672500.0,0.0,17919650.0,0.0
154,recession,8608916.65,5266045.9,28209000.0,13536500.0,32498560.0,14578910.0
154,severe,19109979.9,15767109.15,50690750.0,36018250.0,55751616.25,37831966.25
154,independent,3339659.375,-3211.375,8712500.0,-5960000.0,9608025.0,-8311625.0
154,high_correlation,3322433.125,-20437.625,20700000.0,6027500.0,26340362.5,8420712.5
155,baseline,3399176.5,0.0,15657500.0,0.0,18697587.5,0.0
155,recession,8706156.075,5306979.575,29547000.0,13889500.0,34029760.0,15332172.5
155,severe,19264675.375,15865498.875,51122500.0,35465000.0,57380757.5,38683170.0
155,independent,3392688.875,-6487.625,8710000.0,-6947500.0,9471112.5,-9226475.0
155,high_correlation,3399107.0,-69.5,22975000.0,7317500.0,28429350.0,9731762.5
156,baseline,3354019.375,0.0,14802500.0,0.0,18217675.0,0.0
156,recession,8595726.175,5241706.8,28430500.0,13628000.0,33311487.5,15093812.5
156,severe,19138323.4625,15784304.0875,50952000.0,36149500.0,56548167.5,38330492.5
156,independent,3373601.25,19581.875,8712500.0,-6090000.0,9476937.5,-8740737.5
156,high_correlation,3324481.5,-29537.875,21350000.0,6547500.0,27089862.5,8872187.5
157,baseline,3351430.125,0.0,14725000.0,0.0,17857937.5,0.0
157,recession,8615178.35,5263748.225,29063500.0,14338500.0,33447012.5,15589075.0
157,severe,19157629.15,15806199.025,50971250.0,36246250.0,56696310.0,38838372.5
157,independent,3375186.625,23756.5,8695000.0,-6030000.0,9650512.5,-8207425.0
157,high_correlation,3327622.375,-23807.75,21725000.0,7000000.0,27082225.0,9224287.5
158,baseline,3385476.75,0.0,14945000.0,0.0,17938000.0,0.0
158,recession,8708142.075,5322665.325,29262000.0,14317000.0,33238625.0,15300625.0
158,severe,19313022.1625,15927545.4125,51518500.0,36573500.0,57085971.25,39147971.25
158,independent,3377311.375,-8165.375,8705000.0,-6240000.0,9584875.0,-8353125.0
158,high_correlation,3404168.375,18691.625,22172500.0,7227500.0,27343300.0,9405300.0
159,baseline,3392514.875,0.0,15375000.0,0.0,18679212.5,0.0
159,recession,8691674.825,5299159.95,29533500.0,14158500.0,33971977.5,15292765.0
159,severe,19277583.6,15885068.725,51342500.0,35967500.0,57873585.0,39194372.5
159,independent,3376116.0,-16398.875,8675000.0,-6700000.0,9560425.0,-9118787.5
159,high_correlation,3406755.875,14241.0,22462500.0,7087500.0,28296650.0,9617437.5
160,baseline,3373984.75,0.0,14895000.0,0.0,18098275.0,0.0
160,recession,8682621.225,5308636.475,28894000.0,13999000.0,33111562.5,15013287.5
160,severe,19290383.2,15916398.45,50965750.0,36070750.0,56648872.5,38550597.5
160,independent,3375638.75,1654.0,8802500.0,-6092500.0,9694312.5,-8403962.5
160,high_correlation,3370231.5,-3753.25,21300000.0,6405000.0,26758837.5,8660562.5
161,baseline,3361327.375,0.0,14937500.0,0.0,18416725.0,0.0
161,recession,8627369.3,5266041.925,28894000.0,13956500.0,33336202.5,14919477.5
161,severe,19147450.025,15786122.65,50558750.0,35621250.0,56536425.0,38119700.0
161,independent,3346161.375,-15166.0,8652500.0,-6285000.0,9503287.5,-8913437.5
161,high_correlation,3346594.0,-14733.375,21705000.0,6767500.0,27474125.0,9057400.0
162,baseline,3367059.0,0.0,14937500.0,0.0,18118137.5,0.0
162,recession,8620354.525,5253295.525,28976000.0,14038500.0,33370192.5,15252055.0
162,severe,19114677.0375,15747618.0375,50965750.0,36028250.0,57319707.5,39201570.0
162,independent,3370772.125,3713.125,8730000.0,-6207500.0,9622150.0,-8495987.5
162,high_correlation,3325391.875,-41667.125,21825000.0,6887500.0,27590175.0,9472037.5
163,baseline,3402720.5,0.0,15302500.0,0.0,18348200.0,0.0
163,recession,8741642.0,5338921.5,29014000.0,13711500.0,33622947.5,15274747.5
163,severe,19314456.975,15911736.475,51337000.0,36034500.0,57104973.75,38756773.75
163,independent,3374988.625,-27731.875,8687500.0,-6615000.0,9597062.5,-8751137.5
163,high_correlation,3425812.0,23091.5,22000000.0,6697500.0,27720950.0,9372750.0
164,baseline,3423362.625,0.0,15140000.0,0.0,18869925.0,0.0
164,recession,8746108.75,5322746.125,29599000.0,14459000.0,34282355.0,15412430.0
164,severe,19339424.3625,15916061.7375,51711000.0,36571000.0,58148186.25,39278261.25
164,independent,3381596.75,-41765.875,8762500.0,-6377500.0,9733962.5,-9135962.5
164,high_correlation,3431487.875,8125.25,21725000.0,6585000.0,28125762.5,9255837.5
165,baseline,3407591.375,0.0,15375000.0,0.0,18756875.0,0.0
165,recession,8751032.45,5343441.075,29738000.0,14363000.0,34063732.5,15306857.5
165,severe,19386361.775,15978770.4,51458000.0,36083000.0,57637951.25,38881076.25
165,independent,3390398.75,-17192.625,8725000.0,-6650000.0,9721262.5,-9035612.5
165,high_correlation,3409755.375,2164.0,22585000.0,7210000.0,28432612.5,9675737.5
166,baseline,3366535.25,0.0,14732500.0,0.0,18150300.0,0.0
166,recession,8667643.375,5301108.125,28518500.0,13786000.0,33138415.0,14988115.0
166,severe,19252213.475,15885678.225,51034500.0,36302000.0,56753633.75,38603333.75
166,independent,3353605.375,-12929.875,8672500.0,-6060000.0,9545437.5,-8604862.5
166,high_correlation,3379427.25,12892.0,21482500.0,6750000.0,27364337.5,9214037.5
167,baseline,3363651.375,0.0,14945000.0,0.0,17736375.0,0.0
167,recession,8646050.825,5282399.45,29727500.0,14782500.0,33809255.0,16072880.0
167,severe,19130413.9125,15766762.5375,51603750.0,36658750.0,57048915.0,39312540.0
167,independent,3383209.875,19558.5,8717500.0,-6227500.0,9493887.5,-8242487.5
167,high_correlation,3362750.125,-901.25,21645000.0,6700000.0,27309875.0,9573500.0
168,baseline,3366534.875,0.0,15037500.0,0.0,18037112.5,0.0
168,recession,8636712.95,5270178.075,29055000.0,14017500.0,33036400.0,14999287.5
168,severe,19162972.5375,15796437.6625,51447000.0,36409500.0,56870302.5,38833190.0
168,independent,3365275.625,-1259.25,8730000.0,-6307500.0,9639187.5,-8397925.0
168,high_correlation,3350499.0,-16035.875,22290000.0,7252500.0,26990862.5,8953750.0
169,baseline,3358565.375,0.0,15667500.0,0.0,19012825.0,0.0
169,recession,8608133.175,5249567.8,29533500.0,13866000.0,34094300.0,15081475.0
169,severe,19121323.2375,15762757.8625,51518500.0,35851000.0,57731437.5,38718612.5
169,independent,3366412.25,7846.875,8765000.0,-6902500.0,9715962.5,-9296862.5
169,high_correlation,3341145.5,-17419.875,22380000.0,6712500.0,28230500.0,9217675.0
170,baseline,3393563.375,0.0,15667500.0,0.0,18684612.5,0.0
170,recession,8667235.675,5273672.3,29821000.0,14153500.0,34357440.0,15672827.5
170,severe,19187481.9125,15793918.5375,52093250.0,36425750.0,57803941.25,39119328.75
170,independent,3372330.375,-21233.0,8705000.0,-6962500.0,9725975.0,-8958637.5
170,high_correlation,3399967.0,6403.625,22462500.0,6795000.0,28283537.5,9598925.0
171,baseline,3346765.75,0.0,14997500.0,0.0,18203087.5,0.0
171,recession,8615575.0,5268809.25,28505500.0,13508000.0,32791872.5,14588785.0
171,severe,19136590.0,15789824.25,50965750.0,35968250.0,56044628.75,37841541.25
171,independent,3357532.75,10767.0,8625000.0,-6372500.0,9462850.0,-8740237.5
171,high_correlation,3333398.0,-13367.75,21880000.0,6882500.0,26850937.5,8647850.0
172,baseline,3378083.25,0.0,15560000.0,0.0,18683662.5,0.0
172,recession,8637383.175,5259299.925,29370000.0,13810000.0,33498327.5,14814665.0
172,severe,19192055.85,15813972.6,51661500.0,36101500.0,57502541.25,38818878.75
172,independent,3374337.75,-3745.5,8752500.0,-6807500.0,9613550.0,-9070112.5
172,high_correlation,3362590.875,-15492.375,22290000.0,6730000.0,27984325.0,9300662.5
173,baseline,3389092.25,0.0,15140000.0,0.0,18787162.5,0.0
173,recession,8679782.225,5290689.975,29262000.0,14122000.0,33799377.5,15012215.0
173,severe,19211759.05,15822666.8,51111500.0,35971500.0,57241470.0,38454307.5
173,independent,3380850.5,-8241.75,8717500.0,-6422500.0,9688000.0,-9099162.5
173,high_correlation,3392114.0,3021.75,22000000.0,6860000.0,28034012.5,9246850.0
174,baseline,3368865.375,0.0,14895000.0,0.0,18590275.0,0.0
174,recession,8628926.25,5260060.875,29063500.0,14168500.0,33585162.5,14994887.5
174,severe,19178523.65,15809658.275,51147250.0,36252250.0,57358675.0,38768400.0
174,independent,3385167.125,16301.75,8680000.0,-6215000.0,9676025.0,-8914250.0
174,high_correlation,3356754.125,-12111.25,21552500.0,6657500.0,27992937.5,9402662.5
175,baseline,3394127.5,0.0,15037500.0,0.0,18456412.5,0.0
175,recession,8726219.025,5332091.525,29025500.0,13988000.0,33312540.0,14856127.5
175,severe,19327735.2125,15933607.7125,51147250.0,36109750.0,56952390.0,38495977.5
175,independent,3358620.25,-35507.25,8755000.0,-6282500.0,9700237.5,-8756175.0
175,high_correlation,3423870.0,29742.5,22000000.0,6962500.0,27422800.0,8966387.5
176,baseline,3367874.875,0.0,15037500.0,0.0,18332837.5,0.0
176,recession,8660561.85,5292686.975,29014000.0,13976500.0,33579950.0,15247112.5
176,severe,19211148.275,15843273.4,51282000.0,36244500.0,57564361.25,39231523.75
176,independent,3368854.75,979.875,8577500.0,-6460000.0,9463487.5,-8869350.0
176,high_correlation,3367691.375,-183.5,22385000.0,7347500.0,27613037.5,9280200.0
177,baseline,3406673.25,0.0,15260000.0,0.0,18645387.5,0.0
177,recession,8724484.425,5317811.175,29599000.0,14339000.0,33574565.0,14929177.5
177,severe,19338732.875,15932059.625,51711000.0,36451000.0,56996761.25,38351373.75
177,independent,3365597.5,-41075.75,8717500.0,-6542500.0,9680975.0,-8964412.5
177,high_correlation,3416394.125,9720.875,22287500.0,7027500.0,27746487.5,9101100.0
178,baseline,3407826.125,0.0,15372500.0,0.0,18639050.0,0.0
178,recession,8724334.55,5316508.425,29055000.0,13682500.0,33267280.0,14628230.0
178,severe,19341515.05,15933688.925,51207750.0,35835250.0,56775565.0,38136515.0
178,independent,3371073.625,-36752.5,8642500.0,-6730000.0,9556225.0,-9082825.0
178,high_correlation,3412045.75,4219.625,22085000.0,6712500.0,27698075.0,9059025.0
179,baseline,3399321.0,0.0,15435000.0,0.0,18967450.0,0.0
179,recession,8703186.45,5303865.45,29063500.0,13628500.0,33690082.5,14722632.5
179,severe,19290084.9625,15890763.9625,51449750.0,36014750.0,57267856.25,38300406.25
179,independent,3365277.875,-34043.125,8627500.0,-6807500.0,9491600.0,-9475850.0
179,high_correlation,3402024.125,2703.125,22000000.0,6565000.0,27815075.0,8847625.0
180,baseline,3377723.5,0.0,15302500.0,0.0,18401075.0,0.0
180,recession,8669336.15,5291612.65,28652500.0,13350000.0,33380415.0,14979340.0
180,severe,19282742.7375,15905019.2375,50721000.0,35418500.0,56501706.25,38100631.25
180,independent,3372006.75,-5716.75,8732500.0,-6570000.0,9710675.0,-8690400.0
180,high_correlation,3369745.375,-7978.125,21825000.0,6522500.0,27507362.5,9106287.5
181,baseline,3343659.0,0.0,14555000.0,0.0,18053987.5,0.0
181,recession,8652348.075,5308689.075,28964000.0,14409000.0,33277650.0,15223662.5
181,severe,19188792.8375,15845133.8375,51070250.0,36515250.0,56953050.0,38899062.5
181,independent,3367550.375,23891.375,8705000.0,-5850000.0,9615837.5,-8438150.0
181,high_correlation,3343189.375,-469.625,21120000.0,6565000.0,27302912.5,9248925.0
182,baseline,3379892.125,0.0,15075000.0,0.0,18232837.5,0.0
182,recession,8660233.9,5280341.775,29025500.0,13950500.0,33452562.5,15219725.0
182,severe,19203273.2375,15823381.1125,50952000.0,35877000.0,56734122.5,38501285.0
182,independent,3387541.0,7648.875,8765000.0,-6310000.0,9637675.0,-8595162.5
182,high_correlation,3367251.875,-12640.25,22480000.0,7405000.0,27537750.0,9304912.5
183,baseline,3370074.625,0.0,14812500.0,0.0,17751112.5,0.0
183,recession,8676431.05,5306356.425,28435000.0,13622500.0,32822470.0,15071357.5
183,severe,19256054.4,15885979.775,51117000.0,36304500.0,56482236.25,38731123.75
183,independent,3376610.625,6536.0,8680000.0,-6132500.0,9533387.5,-8217725.0
183,high_correlation,3369252.0,-822.625,21705000.0,6892500.0,26761100.0,9009987.5
184,baseline,3413300.0,0.0,14937500.0,0.0,18518987.5,0.0
184,recession,8725261.925,5311961.925,28894000.0,13956500.0,33548175.0,15029187.5
184,severe,19327018.975,15913718.975,51070250.0,36132750.0,56867140.0,38348152.5
184,independent,3393218.75,-20081.25,8717500.0,-6220000.0,9526700.0,-8992287.5
184,high_correlation,3391086.0,-22214.0,21880000.0,6942500.0,27321337.5,8802350.0
185,baseline,3398175.25,0.0,15077500.0,0.0,18856900.0,0.0
185,recession,8697121.3,5298946.05,29558000.0,14480500.0,33903422.5,15046522.5
185,severe,19286775.75,15888600.5,51447000.0,36369500.0,57441628.75,38584728.75
185,independent,3371748.0,-26427.25,8592500.0,-6485000.0,9459287.5,-9397612.5
185,high_correlation,3405573.5,7398.25,22572500.0,7495000.0,28542150.0,9685250.0
186,baseline,3393376.5,0.0,14985000.0,0.0,18255487.5,0.0
186,recession,8683749.25,5290372.75,29599000.0,14614000.0,33473615.0,15218127.5
186,severe,19307515.5625,15914139.0625,51455250.0,36470250.0,56981430.0,38725942.5
186,independent,3388141.75,-5234.75,8770000.0,-6215000.0,9716112.5,-8539375.0
186,high_correlation,3386958.625,-6417.875,22085000.0,7100000.0,27421775.0,9166287.5
187,baseline,3388906.375,0.0,15075000.0,0.0,18688612.5,0.0
187,recession,8624094.275,5235187.9,29547000.0,14472000.0,33884160.0,15195547.5
187,severe,19171421.775,15782515.4,51603750.0,36528750.0,57913033.75,39224421.25
187,independent,3378430.375,-10476.0,8717500.0,-6357500.0,9602262.5,-9086350.0
187,high_correlation,3378252.625,-10653.75,22345000.0,7270000.0,28412050.0,9723437.5
188,baseline,3419949.125,0.0,14975000.0,0.0,18180387.5,0.0
188,recession,8774668.0,5354718.875,29056000.0,14081000.0,33490372.5,15309985.0
188,severe,19442525.025,16022575.9,51326000.0,36351000.0,57063668.75,38883281.25
188,independent,3403451.875,-16497.25,8830000.0,-6145000.0,9855812.5,-8324575.0
188,high_correlation,3437267.25,17318.125,22287500.0,7312500.0,27530212.5,9349825.0
189,baseline,3394072.375,0.0,15077500.0,0.0,17715075.0,0.0
189,recession,8723052.2,5328979.825,29055000.0,13977500.0,33052075.0,15337000.0
189,severe,19303033.3375,15908960.9625,51342500.0,36265000.0,56116032.5,38400957.5
189,independent,3395731.375,1659.0,8725000.0,-6352500.0,9604862.5,-8110212.5
189,high_correlation,3375959.5,-18112.875,21880000.0,6802500.0,26494000.0,8778925.0
190,baseline,3397498.25,0.0,15637500.0,0.0,18613662.5,0.0
190,recession,8721411.85,5323913.6,29824000.0,14186500.0,33788500.0,15174837.5
190,severe,19311971.8,15914473.55,51059250.0,35421750.0,57120910.0,38507247.5
190,independent,3345829.5,-51668.75,8647500.0,-6990000.0,9509187.5,-9104475.0
190,high_correlation,3417805.125,20306.875,22892500.0,7255000.0,27961612.5,9347950.0
191,baseline,3378818.375,0.0,15280000.0,0.0,18473962.5,0.0
191,recession,8667249.775,5288431.4,29921000.0,14641000.0,33649722.5,15175760.0
191,severe,19221163.3625,15842344.9875,51634000.0,36354000.0,57477378.75,39003416.25
191,independent,3377926.625,-891.75,8627500.0,-6652500.0,9555850.0,-8918112.5
191,high_correlation,3390270.0,11451.625,22560000.0,7280000.0,27739637.5,9265675.0
192,baseline,3358709.375,0.0,15075000.0,0.0,18360650.0,0.0
192,recession,8654237.875,5295528.5,29727500.0,14652500.0,33757702.5,15397052.5
192,severe,19239709.775,15881000.4,52296750.0,37221750.0,57828650.0,39468000.0
192,independent,3364206.75,5497.375,8590000.0,-6485000.0,9439912.5,-8920737.5
192,high_correlation,3386032.25,27322.875,22572500.0,7497500.0,28080937.5,9720287.5
193,baseline,3367066.875,0.0,15077500.0,0.0,18533512.5,0.0
193,recession,8604688.05,5237621.175,28964000.0,13886500.0,33333885.0,14800372.5
193,severe,19149946.3375,15782879.4625,51317750.0,36240250.0,56901900.0,38368387.5
193,independent,3368751.125,1684.25,8695000.0,-6382500.0,9678025.0,-8855487.5
193,high_correlation,3330390.25,-36676.625,21880000.0,6802500.0,27207062.5,8673550.0
194,baseline,3372768.0,0.0,15282500.0,0.0,18507837.5,0.0
194,recession,8632648.275,5259880.275,29395000.0,14112500.0,33799052.5,15291215.0
194,severe,19158890.7125,15786122.7125,51326000.0,36043500.0,57330817.5,38822980.0
194,independent,3364695.5,-8072.5,8647500.0,-6635000.0,9546250.0,-8961587.5
194,high_correlation,3374266.0,1498.0,22287500.0,7005000.0,28245337.5,9737500.0
195,baseline,3374769.75,0.0,15372500.0,0.0,18742687.5,0.0
195,recession,8652901.275,5278131.525,29370000.0,13997500.0,33677510.0,14934822.5
195,severe,19173076.175,15798306.425,51191250.0,35818750.0,57256361.25,38513673.75
195,independent,3376701.0,1931.25,8755000.0,-6617500.0,9679862.5,-9062825.0
195,high_correlation,3368831.875,-5937.875,21735000.0,6362500.0,27888000.0,9145312.5
196,baseline,3356849.25,0.0,15217500.0,0.0,18287287.5,0.0
196,recession,8639266.175,5282416.925,28973000.0,13755500.0,33193857.5,14906570.0
196,severe,19180329.3,15823480.05,50679750.0,35462250.0,56516185.0,38228897.5
196,independent,3372901.25,16052.0,8762500.0,-6455000.0,9626650.0,-8660637.5
196,high_correlation,3341845.75,-15003.5,21957500.0,6740000.0,27239962.5,8952675.0
197,baseline,3349428.125,0.0,14780000.0,0.0,18290262.5,0.0
197,recession,8624681.0,5275252.875,28894000.0,14114000.0,33259730.0,14969467.5
197,severe,19104282.725,15754854.6,51059250.0,36279250.0,56197803.75,37907541.25
197,independent,3378883.625,29455.5,8705000.0,-6075000.0,9589037.5,-8701225.0
197,high_correlation,3335469.5,-13958.625,21382500.0,6602500.0,26894850.0,8604587.5
198,baseline,3410163.75,0.0,15587500.0,0.0,18567950.0,0.0
198,recession,8684227.375,5274063.625,29451000.0,13863500.0,33542030.0,14974080.0
198,severe,19277217.4375,15867053.6875,52032750.0,36445250.0,57344430.0,38776480.0
198,independent,3390462.25,-19701.5,8760000.0,-6827500.0,9687625.0,-8880325.0
198,high_correlation,3432604.5,22440.75,22462500.0,6875000.0,27776362.5,9208412.5
199,baseline,3415921.0,0.0,15637500.0,0.0,18980262.5,0.0
199,recession,8725145.85,5309224.85,30004500.0,14367000.0,34303692.5,15323430.0
199,severe,19326958.0625,15911037.0625,52467250.0,36829750.0,57760395.0,38780132.5
199,independent,3383780.625,-32140.375,8732500.0,-6905000.0,9707700.0,-9272562.5
199,high_correlation,3437838.125,21917.125,22780000.0,7142500.0,28105562.5,9125300.0
200,baseline,3366038.5,0.0,14937500.0,0.0,18456750.0,0.0
200,recession,8653947.65,5287909.15,29014000.0,14076500.0,33970655.0,15513905.0
200,severe,19141149.6375,15775111.1375,51455250.0,36517750.0,57171496.25,38714746.25
200,independent,3383198.5,17160.0,8700000.0,-6237500.0,9624562.5,-8832187.5
200,high_correlation,3366552.0,513.5,21705000.0,6767500.0,27712837.5,9256087.5
201,baseline,3419603.5,0.0,15737500.0,0.0,18881175.0,0.0
201,recession,8747417.725,5327814.225,29558000.0,13820500.0,34017695.0,15136520.0
201,severe,19332560.6375,15912957.1375,51326000.0,35588500.0,57395607.5,38514432.5
201,independent,3385053.25,-34550.25,8695000.0,-7042500.0,9546262.5,-9334912.5
201,high_correlation,3412530.875,-7072.625,22560000.0,6822500.0,28174650.0,9293475.0
202,baseline,3392234.5,0.0,15757500.0,0.0,19198012.5,0.0
202,recession,8652605.025,5260370.525,29921000.0,14163500.0,34112965.0,14914952.5
202,severe,19197141.8375,15804907.3375,52131750.0,36374250.0,57961915.0,38763902.5
202,independent,3374305.25,-17929.25,8705000.0,-7052500.0,9575037.5,-9622975.0
202,high_correlation,3386524.0,-5710.5,23365000.0,7607500.0,28580150.0,9382137.5
203,baseline,3397710.5,0.0,14895000.0,0.0,18105987.5,0.0
203,recession,8655779.825,5258069.325,28494500.0,13599500.0,33056477.5,14950490.0
203,severe,19241159.4375,15843448.9375,51147250.0,36252250.0,56367946.25,38261958.75
203,independent,3397728.5,18.0,8725000.0,-6170000.0,9617475.0,-8488512.5
203,high_correlation,3369971.75,-27738.75,21607500.0,6712500.0,26987925.0,8881937.5
204,baseline,3370360.5,0.0,15075000.0,0.0,18453737.5,0.0
204,recession,8643512.225,5273151.725,28887500.0,13812500.0,33381092.5,14927355.0
204,severe,19173076.725,15802716.225,51282000.0,36207000.0,57409605.0,38955867.5
204,independent,3375590.0,5229.5,8727500.0,-6347500.0,9697087.5,-8756650.0
204,high_correlation,3353761.0,-16599.5,21927500.0,6852500.0,27355975.0,8902237.5
205,baseline,3427709.375,0.0,15360000.0,0.0,18686325.0,0.0
205,recession,8712861.65,5285152.275,28894000.0,13534000.0,33552555.0,14866230.0
205,severe,19260827.025,15833117.65,51191250.0,35831250.0,56935903.75,38249578.75
205,independent,3387973.0,-39736.375,8700000.0,-6660000.0,9645125.0,-9041200.0
205,high_correlation,3426460.625,-1248.75,22000000.0,6640000.0,27854800.0,9168475.0
206,baseline,3401339.0,0.0,14975000.0,0.0,18767862.5,0.0
206,recession,8720894.025,5319555.025,29799000.0,14824000.0,34097427.5,15329565.0
206,severe,19197433.8875,15796094.8875,51207750.0,36232750.0,57441725.0,38673862.5
206,independent,3380046.5,-21292.5,8712500.0,-6262500.0,9579475.0,-9188387.5
206,high_correlation,3406797.0,5458.0,22290000.0,7315000.0,28004687.5,9236825.0
207,baseline,3398765.0,0.0,15282500.0,0.0,18562762.5,0.0
207,recession,8697810.975,5299045.975,29056000.0,13773500.0,33682582.5,15119820.0
207,severe,19297237.575,15898472.575,51515750.0,36233250.0,57671515.0,39108752.5
207,independent,3367047.75,-31717.25,8647500.0,-6635000.0,9492825.0,-9069937.5
207,high_correlation,3407859.25,9094.25,22385000.0,7102500.0,28169662.5,9606900.0
208,baseline,3317835.125,0.0,14555000.0,0.0,17974662.5,0.0
208,recession,8572731.9,5254896.775,27799000.0,13244000.0,32632087.5,14657425.0
208,severe,19031787.0875,15713951.9625,50149000.0,35594000.0,56279121.25,38304458.75
208,independent,3353305.375,35470.25,8740000.0,-5815000.0,9575887.5,-8398775.0
208,high_correlation,3303456.75,-14378.375,20605000.0,6050000.0,26589712.5,8615050.0
209,baseline,3365891.375,0.0,14812500.0,0.0,18320775.0,0.0
209,recession,8625109.675,5259218.3,28329000.0,13516500.0,33310305.0,14989530.0
209,severe,19162912.3125,15797020.9375,51059250.0,36246750.0,56811466.25,38490691.25
209,independent,3359861.125,-6030.25,8735000.0,-6077500.0,9702312.5,-8618462.5
209,high_correlation,3341419.25,-24472.125,21447500.0,6635000.0,27493425.0,9172650.0
210,baseline,3361400.125,0.0,14725000.0,0.0,17955687.5,0.0
210,recession,8612188.625,5250788.5,28996000.0,14271000.0,33171097.5,15215410.0
210,severe,19100549.05,15739148.925,50971250.0,36246250.0,56716907.5,38761220.0
210,independent,3389013.0,27612.875,8705000.0,-6020000.0,9659450.0,-8296237.5
210,high_correlation,3368299.125,6899.0,21447500.0,6722500.0,26943600.0,8987912.5
211,baseline,3378401.5,0.0,15180000.0,0.0,18396625.0,0.0
211,recession,8682177.45,5303775.95,29774000.0,14594000.0,33760815.0,15364190.0
211,severe,19282815.475,15904413.975,51207750.0,36027750.0,57179938.75,38783313.75
211,independent,3352481.125,-25920.375,8700000.0,-6480000.0,9527862.5,-8868762.5
211,high_correlation,3375826.5,-2575.0,22172500.0,6992500.0,27723725.0,9327100.0
212,baseline,3362374.25,0.0,14940000.0,0.0,17988600.0,0.0
212,recession,8652944.525,5290570.275,28342000.0,13402000.0,33273892.5,15285292.5
212,severe,19195691.35,15833317.1,51207750.0,36267750.0,56649353.75,38660753.75
212,independent,3361767.625,-606.625,8687500.0,-6252500.0,9648312.5,-8340287.5
212,high_correlation,3352436.5,-9937.75,21052500.0,6112500.0,26943800.0,8955200.0
213,baseline,3399327.5,0.0,15500000.0,0.0,18554600.0,0.0
213,recession,8675299.45,5275971.95,29063500.0,13563500.0,33624445.0,15069845.0
213,severe,19214788.45,15815460.95,51191250.0,35691250.0,57345708.75,38791108.75
213,independent,3396081.625,-3245.875,8732500.0,-6767500.0,9785337.5,-8769262.5
213,high_correlation,3381554.125,-17773.375,22085000.0,6585000.0,27686362.5,9131762.5
214,baseline,3381398.125,0.0,14895000.0,0.0,17802837.5,0.0
214,recession,8665056.975,5283658.85,28976000.0,14081000.0,33190222.5,15387385.0
214,severe,19224173.5125,15842775.3875,50965750.0,36070750.0,56542708.75,38739871.25
214,independent,3373062.375,-8335.75,8695000.0,-6200000.0,9481550.0,-8321287.5
214,high_correlation,3370979.625,-10418.5,21570000.0,6675000.0,26675912.5,8873075.0
215,baseline,3363604.875,0.0,15052500.0,0.0,18310200.0,0.0
215,recession,8677544.8,5313939.925,28652500.0,13600000.0,33101670.0,14791470.0
215,severe,19249591.075,15885986.2,51070250.0,36017750.0,56798678.75,38488478.75
215,independent,3368245.5,4640.625,8712500.0,-6340000.0,9712150.0,-8598050.0
215,high_correlation,3352192.0,-11412.875,21725000.0,6672500.0,27077400.0,8767200.0
216,baseline,3403060.25,0.0,15375000.0,0.0,18673612.5,0.0
216,recession,8726512.2,5323451.95,29370000.0,13995000.0,33738497.5,15064885.0
216,severe,19288949.9,15885889.65,51191250.0,35816250.0,57499048.75,38825436.25
216,independent,3372694.25,-30366.0,8732500.0,-6642500.0,9688087.5,-8985525.0
216,high_correlation,3389863.875,-13196.375,22585000.0,7210000.0,28188287.5,9514675.0
217,baseline,3363225.75,0.0,14732500.0,0.0,17763587.5,0.0
217,recession,8650059.825,5286834.075,28430500.0,13698000.0,32817265.0,15053677.5
217,severe,19178847.325,15815621.575,50952000.0,36219500.0,56562000.0,38798412.5
217,independent,3379647.5,16421.75,8587500.0,-6145000.0,9482787.5,-8280800.0
217,high_correlation,3350955.875,-12269.875,21570000.0,6837500.0,26822487.5,9058900.0
218,baseline,3339894.375,0.0,14810000.0,0.0,17999525.0,0.0
218,recession,8630338.25,5290443.875,27985000.0,13175000.0,32751767.5,14752242.5
218,severe,19150729.2625,15810834.8875,50490000.0,35680000.0,55917771.25,37918246.25
218,independent,3337357.0,-2537.375,8705000.0,-6105000.0,9596400.0,-8403125.0
218,high_correlation,3325723.25,-14171.125,20735000.0,5925000.0,26459362.5,8459837.5
219,baseline,3385503.625,0.0,15372500.0,0.0,18417362.5,0.0
219,recession,8684079.325,5298575.7,29395000.0,14022500.0,33358570.0,14941207.5
219,severe,19273384.7625,15887881.1375,51337000.0,35964500.0,56499052.5,38081690.0
219,independent,3379433.625,-6070.0,8652500.0,-6720000.0,9682287.5,-8735075.0
219,high_correlation,3375222.0,-10281.625,21957500.0,6585000.0,27455337.5,9037975.0
220,baseline,3351972.5,0.0,15280000.0,0.0,18189400.0,0.0
220,recession,8631111.525,5279139.025,29599000.0,14319000.0,33809747.5,15620347.5
220,severe,19131591.4625,15779618.9625,51515750.0,36235750.0,57465636.25,39276236.25
220,independent,3360852.5,8880.0,8727500.0,-6552500.0,9606762.5,-8582637.5
220,high_correlation,3343532.875,-8439.625,22287500.0,7007500.0,28001562.5,9812162.5
221,baseline,3354486.5,0.0,15280000.0,0.0,18779887.5,0.0
221,recession,8630621.175,5276134.675,29514000.0,14234000.0,34098250.0,15318362.5
221,severe,19130627.725,15776141.225,51458000.0,36178000.0,57990638.75,39210751.25
221,independent,3389608.5,35122.0,8597500.0,-6682500.0,9580437.5,-9199450.0
221,high_correlation,3332548.875,-21937.625,22287500.0,7007500.0,27948812.5,9168925.0
222,baseline,3400350.625,0.0,15302500.0,0.0,18472875.0,0.0
222,recession,8715502.45,5315151.825,29055000.0,13752500.0,33571385.0,15098510.0
222,severe,19322694.1875,15922343.5625,51449750.0,36147250.0,57131855.0,38658980.0
222,independent,3382179.875,-18170.75,8705000.0,-6597500.0,9657087.5,-8815787.5
222,high_correlation,3390317.0,-10033.625,22085000.0,6782500.0,27450687.5,8977812.5
223,baseline,3373643.875,0.0,15217500.0,0.0,18623712.5,0.0
223,recession,8641023.3,5267379.425,28435000.0,13217500.0,33410645.0,14786932.5
223,severe,19236478.6625,15862834.7875,50831000.0,35613500.0,56827292.5,38203580.0
223,independent,3359479.0,-14164.875,8687500.0,-6530000.0,9648975.0,-8974737.5
223,high_correlation,3373766.25,122.375,21350000.0,6132500.0,27536012.5,8912300.0
224,baseline,3395858.375,0.0,15435000.0,0.0,18546000.0,0.0
224,recession,8667227.525,5271369.15,29395000.0,13960000.0,33666065.0,15120065.0
224,severe,19212711.2375,15816852.8625,51122500.0,35687500.0,56633431.25,38087431.25
224,independent,3392019.25,-3839.125,8752500.0,-6682500.0,9634650.0,-8911350.0
224,high_correlation,3361616.625,-34241.75,22290000.0,6855000.0,27652350.0,9106350.0
225,baseline,3405749.5,0.0,15325000.0,0.0,18654237.5,0.0
225,recession,8697671.375,5291921.875,28973000.0,13648000.0,33808127.5,15153890.0
225,severe,19293115.875,15887366.375,51724750.0,36399750.0,57284507.5,38630270.0
225,independent,3372201.25,-33548.25,8735000.0,-6590000.0,9609112.5,-9045125.0
225,high_correlation,3406140.625,391.125,22000000.0,6675000.0,27592700.0,8938462.5
226,baseline,3397767.875,0.0,14895000.0,0.0,18399200.0,0.0
226,recession,8742843.2,5345075.325,29599000.0,14704000.0,33919992.5,15520792.5
226,severe,19381438.725,15983670.85,51458000.0,36563000.0,57611688.75,39212488.75
226,independent,3388219.75,-9548.125,8730000.0,-6165000.0,9568937.5,-8830262.5
226,high_correlation,3390681.75,-7086.125,21830000.0,6935000.0,27828850.0,9429650.0
227,baseline,3405229.125,0.0,15372500.0,0.0,18697800.0,0.0
227,recession,8717166.35,5311937.225,29547000.0,14174500.0,33963220.0,15265420.0
227,severe,19262438.8,15857209.675,51342500.0,35970000.0,57251328.75,38553528.75
227,independent,3391350.5,-13878.625,8785000.0,-6587500.0,9668525.0,-9029275.0
227,high_correlation,3401693.25,-3535.875,22560000.0,7187500.0,27871162.5,9173362.5
228,baseline,3372370.5,0.0,15372500.0,0.0,18214312.5,0.0
228,recession,8639294.75,5266924.25,29262000.0,13889500.0,33359380.0,15145067.5
228,severe,19148528.4375,15776157.9375,51317750.0,35945250.0,57185507.5,38971195.0
228,independent,3384501.375,12130.875,8772500.0,-6600000.0,9700875.0,-8513437.5
228,high_correlation,3354270.875,-18099.625,22572500.0,7200000.0,27587525.0,9373212.5
229,baseline,3381085.375,0.0,15375000.0,0.0,18376600.0,0.0
229,recession,8658068.75,5276983.375,28964000.0,13589000.0,33179675.0,14803075.0
229,severe,19170552.5,15789467.125,50690750.0,35315750.0,56419481.25,38042881.25
229,independent,3371246.625,-9838.75,8712500.0,-6662500.0,9713462.5,-8663137.5
229,high_correlation,3372224.375,-8861.0,22462500.0,7087500.0,27539925.0,9163325.0
230,baseline,3374198.625,0.0,15560000.0,0.0,18919087.5,0.0
230,recession,8669258.7,5295060.075,29708500.0,14148500.0,33614710.0,14695622.5
230,severe,19237948.2625,15863749.6375,51980500.0,36420500.0,57205995.0,38286907.5
230,independent,3347409.25,-26789.375,8735000.0,-6825000.0,9773412.5,-9145675.0
230,high_correlation,3384595.375,10396.75,22462500.0,6902500.0,27756862.5,8837775.0
231,baseline,3356259.375,0.0,14975000.0,0.0,18258150.0,0.0
231,recession,8603785.425,5247526.05,28652500.0,13677500.0,33437985.0,15179835.0
231,severe,19129951.225,15773691.85,51111500.0,36136500.0,57052572.5,38794422.5
231,independent,3382528.125,26268.75,8760000.0,-6215000.0,9694962.5,-8563187.5
231,high_correlation,3333031.75,-23227.625,21262500.0,6287500.0,27389012.5,9130862.5
232,baseline,3364930.375,0.0,14957500.0,0.0,18666862.5,0.0
232,recession,8640204.85,5275274.475,28894000.0,13936500.0,33622092.5,14955230.0
232,severe,19213967.3,15849036.925,51207750.0,36250250.0,57183238.75,38516376.25
232,independent,3370607.125,5676.75,8642500.0,-6315000.0,9524175.0,-9142687.5
232,high_correlation,3357020.0,-7910.375,21725000.0,6767500.0,27768787.5,9101925.0
233,baseline,3385721.625,0.0,14997500.0,0.0,18272625.0,0.0
233,recession,8719624.875,5333903.25,29501000.0,14503500.0,33628610.0,15355985.0
233,severe,19292529.85,15906808.225,51337000.0,36339500.0,57310330.0,39037705.0
233,independent,3374919.75,-10801.875,8620000.0,-6377500.0,9508675.0,-8763950.0
233,high_correlation,3405108.0,19386.375,21880000.0,6882500.0,27543562.5,9270937.5
234,baseline,3382091.25,0.0,15180000.0,0.0,18438162.5,0.0
234,recession,8680563.25,5298472.0,29852000.0,14672000.0,33828862.5,15390700.0
234,severe,19249760.8875,15867669.6375,51518500.0,36338500.0,57163452.5,38725290.0
234,independent,3363060.875,-19030.375,8602500.0,-6577500.0,9517900.0,-8920262.5
234,high_correlation,3396138.625,14047.375,22585000.0,7405000.0,27813225.0,9375062.5
235,baseline,3389127.125,0.0,15435000.0,0.0,18519037.5,0.0
235,recession,8732284.05,5343156.925,29824000.0,14389000.0,33836065.0,15317027.5
235,severe,19346944.65,15957817.525,51958500.0,36523500.0,57599547.5,39080510.0
235,independent,3370132.875,-18994.25,8710000.0,-6725000.0,9552137.5,-8966900.0
235,high_correlation,3395114.125,5987.0,22780000.0,7345000.0,27955825.0,9436787.5
236,baseline,3429278.125,0.0,15375000.0,0.0,19121862.5,0.0
236,recession,8800696.425,5371418.3,29821000.0,14446000.0,34556895.0,15435032.5
236,severe,19406566.7125,15977288.5875,51727500.0,36352500.0,58741842.5,39619980.0
236,independent,3370663.125,-58615.0,8762500.0,-6612500.0,9682800.0,-9439062.5
236,high_correlation,3471885.0,42606.875,22572500.0,7197500.0,28804775.0,9682912.5
237,baseline,3391790.125,0.0,14812500.0,0.0,18183650.0,0.0
237,recession,8722325.45,5330535.325,29014000.0,14201500.0,33419605.0,15235955.0
237,severe,19339089.825,15947299.7,51265500.0,36453000.0,56698675.0,38515025.0
237,independent,3356313.0,-35477.125,8765000.0,-6047500.0,9692675.0,-8490975.0
237,high_correlation,3389384.625,-2405.5,21447500.0,6635000.0,27106750.0,8923100.0
238,baseline,3385230.75,0.0,15075000.0,0.0,18121687.5,0.0
238,recession,8738158.7,5352927.95,29708500.0,14633500.0,33769937.5,15648250.0
238,severe,19372562.275,15987331.525,51711000.0,36636000.0,57285002.5,39163315.0
238,independent,3377594.25,-7636.5,8760000.0,-6315000.0,9652750.0,-8468937.5
238,high_correlation,3396079.875,10849.125,22585000.0,7510000.0,27607025.0,9485337.5
239,baseline,3435693.25,0.0,15325000.0,0.0,18848050.0,0.0
239,recession,8794578.625,5358885.375,30068000.0,14743000.0,34499412.5,15651362.5
239,severe,19411388.975,15975695.725,51634000.0,36309000.0,58183565.0,39335515.0
239,independent,3405189.25,-30504.0,8687500.0,-6637500.0,9620537.5,-9227512.5
239,high_correlation,3423715.125,-11978.125,22585000.0,7260000.0,28246537.5,9398487.5
240,baseline,3377986.375,0.0,15150000.0,0.0,18512437.5,0.0
240,recession,8668867.275,5290880.9,29547000.0,14397000.0,33600710.0,15088272.5
240,severe,19285826.45,15907840.075,51634000.0,36484000.0,57002495.0,38490057.5
240,independent,3358083.25,-19903.125,8785000.0,-6365000.0,9727387.5,-8785050.0
240,high_correlation,3385032.75,7046.375,22127500.0,6977500.0,27568350.0,9055912.5
241,baseline,3371519.25,0.0,15077500.0,0.0,18453137.5,0.0
241,recession,8656631.6,5285112.35,29014000.0,13936500.0,33314987.5,14861850.0
241,severe,19224117.1375,15852597.8875,51191250.0,36113750.0,57655757.5,39202620.0
241,independent,3360403.5,-11115.75,8675000.0,-6402500.0,9691212.5,-8761925.0
241,high_correlation,3381456.125,9936.875,21985000.0,6907500.0,27491487.5,9038350.0
242,baseline,3402919.375,0.0,15280000.0,0.0,18852962.5,0.0
242,recession,8720982.525,5318063.15,29799000.0,14519000.0,33987485.0,15134522.5
242,severe,19330322.1375,15927402.7625,51727500.0,36447500.0,57457606.25,38604643.75
242,independent,3373569.625,-29349.75,8700000.0,-6580000.0,9692037.5,-9160925.0
242,high_correlation,3422058.875,19139.5,22572500.0,7292500.0,28076312.5,9223350.0
243,baseline,3376887.375,0.0,15282500.0,0.0,18883912.5,0.0
243,recession,8698112.825,5321225.45,29774000.0,14491500.0,34350110.0,15466197.5
243,severe,19213682.2625,15836794.8875,52233500.0,36951000.0,58022401.25,39138488.75
243,independent,3376111.75,-775.625,8740000.0,-6542500.0,9636812.5,-9247100.0
243,high_correlation,3378826.75,1939.375,22672500.0,7390000.0,28676687.5,9792775.0
244,baseline,3398416.75,0.0,15435000.0,0.0,18788512.5,0.0
244,recession,8695187.55,5296770.8,29727500.0,14292500.0,33564220.0,14775707.5
244,severe,19288158.8625,15889742.1125,52137250.0,36702250.0,57505566.25,38717053.75
244,independent,3371358.25,-27058.5,8612500.0,-6822500.0,9632687.5,-9155825.0
244,high_correlation,3406063.75,7647.0,22635000.0,7200000.0,27888875.0,9100362.5
245,baseline,3351929.25,0.0,15360000.0,0.0,18564687.5,0.0
245,recession,8641875.725,5289946.475,29799000.0,14439000.0,34037172.5,15472485.0
245,severe,19194990.65,15843061.4,51727500.0,36367500.0,57592218.75,39027531.25
245,independent,3385412.625,33483.375,8760000.0,-6600000.0,9626925.0,-8937762.5
245,high_correlation,3351794.125,-135.125,22670000.0,7310000.0,27943575.0,9378887.5
246,baseline,3415927.625,0.0,15657500.0,0.0,18674687.5,0.0
246,recession,8737730.375,5321802.75,29425500.0,13768000.0,33446700.0,14772012.5
246,severe,19362632.7125,15946705.0875,51518500.0,35861000.0,57090178.75,38415491.25
246,independent,3377976.875,-37950.75,8687500.0,-6970000.0,9524062.5,-9150625.0
246,high_correlation,3438780.125,22852.5,22572500.0,6915000.0,27825800.0,9151112.5
247,baseline,3408965.375,0.0,15637500.0,0.0,18745187.5,0.0
247,recession,8723965.1,5314999.725,29712500.0,14075000.0,34127257.5,15382070.0
247,severe,19327017.05,15918051.675,52137250.0,36499750.0,58145876.25,39400688.75
247,independent,3376014.75,-32950.625,8705000.0,-6932500.0,9582862.5,-9162325.0
247,high_correlation,3410819.25,1853.875,22670000.0,7032500.0,28665650.0,9920462.5
248,baseline,3346791.875,0.0,14642500.0,0.0,17649575.0,0.0
248,recession,8644116.675,5297324.8,28244500.0,13602000.0,32579620.0,14930045.0
248,severe,19166829.825,15820037.95,50481750.0,35839250.0,56219198.75,38569623.75
248,independent,3347306.625,514.75,8717500.0,-5925000.0,9533112.5,-8116462.5
248,high_correlation,3322119.125,-24672.75,21052500.0,6410000.0,26351450.0,8701875.0
249,baseline,3365505.0,0.0,14802500.0,0.0,18172475.0,0.0
249,recession,8639213.6,5273708.6,29055000.0,14252500.0,33391052.5,15218577.5
249,severe,19177651.35,15812146.35,51207750.0,36405250.0,56845181.25,38672706.25
249,independent,3358978.375,-6526.625,8717500.0,-6085000.0,9596587.5,-8575887.5
249,high_correlation,3376159.5,10654.5,21705000.0,6902500.0,27613412.5,9440937.5
250,baseline,3379188.25,0.0,15260000.0,0.0,18671125.0,0.0
250,recession,8713955.675,5334767.425,29689500.0,14429500.0,33901027.5,15229902.5
250,severe,19281560.925,15902372.675,51958500.0,36698500.0,57661092.5,38989967.5
250,independent,3391099.25,11911.0,8732500.0,-6527500.0,9676200.0,-8994925.0
250,high_correlation,3391120.625,11932.375,22290000.0,7030000.0,28239712.5,9568587.5
251,baseline,3390080.125,0.0,15302500.0,0.0,18482600.0,0.0
251,recession,8680764.2,5290684.075,29262000.0,13959500.0,33558097.5,15075497.5
251,severe,19222692.225,15832612.1,51337000.0,36034500.0,57119851.25,38637251.25
251,independent,3367846.875,-22233.25,8727500.0,-6575000.0,9693637.5,-8788962.5
251,high_correlation,3403065.5,12985.375,21880000.0,6577500.0,27622675.0,9140075.0
252,baseline,3370941.625,0.0,14945000.0,0.0,18332275.0,0.0
252,recession,8671268.85,5300327.225,28652500.0,13707500.0,33287912.5,14955637.5
252,severe,19243304.1625,15872362.5375,50979500.0,36034500.0,57562917.5,39230642.5
252,independent,3391268.875,20327.25,8627500.0,-6317500.0,9586825.0,-8745450.0
252,high_correlation,3346898.875,-24042.75,21350000.0,6405000.0,27363362.5,9031087.5
253,baseline,3395840.0,0.0,14975000.0,0.0,18693512.5,0.0
253,recession,8652569.5,5256729.5,29014000.0,14039000.0,33600197.5,14906685.0
253,severe,19195620.8125,15799780.8125,51317750.0,36342750.0,57630691.25,38937178.75
253,independent,3380395.125,-15444.875,8732500.0,-6242500.0,9676612.5,-9016900.0
253,high_correlation,3390839.125,-5000.875,22380000.0,7405000.0,28336237.5,9642725.0
254,baseline,3394604.5,0.0,15180000.0,0.0,18633287.5,0.0
254,recession,8719356.075,5324751.575,29558000.0,14378000.0,33685660.0,15052372.5
254,severe,19325563.4,15930958.9,51317750.0,36137750.0,57407446.25,38774158.75
254,independent,3395158.875,554.375,8705000.0,-6475000.0,9777487.5,-8855800.0
254,high_correlation,3393210.625,-1393.875,22085000.0,6905000.0,27816375.0,9183087.5
255,baseline,3341242.5,0.0,14712500.0,0.0,18233137.5,0.0
255,recession,8563976.6,5222734.1,28973000.0,14260500.0,33368992.5,15135855.0
255,severe,19090421.9,15749179.4,51207750.0,36495250.0,56929331.25,38696193.75
255,independent,3352094.75,10852.25,8687500.0,-6025000.0,9538537.5,-8694600.0
255,high_correlation,3329399.875,-11842.625,22000000.0,7287500.0,27543762.5,9310625.0
256,baseline,3406678.625,0.0,15077500.0,0.0,18380087.5,0.0
256,recession,8721048.4,5314369.775,29599000.0,14521500.0,33886102.5,15506015.0
256,severe,19312722.6875,15906044.0625,51518500.0,36441000.0,57546885.0,39166797.5
256,independent,3392217.375,-14461.25,8602500.0,-6475000.0,9513787.5,-8866300.0
256,high_correlation,3408015.125,1336.5,22385000.0,7307500.0,27942362.5,9562275.0
257,baseline,3421679.625,0.0,15650000.0,0.0,18865762.5,0.0
257,recession,8726438.95,5304759.325,29451000.0,13801000.0,34108590.0,15242827.5
257,severe,19312831.8625,15891152.2375,51980500.0,36330500.0,57734393.75,38868631.25
257,independent,3383269.5,-38410.125,8680000.0,-6970000.0,9550362.5,-9315400.0
257,high_correlation,3410924.0,-10755.625,22385000.0,6735000.0,27929062.5,9063300.0
258,baseline,3429559.25,0.0,15587500.0,0.0,18427387.5,0.0
258,recession,8754262.3,5324703.05,29912000.0,14324500.0,33580140.0,15152752.5
258,severe,19357069.875,15927510.625,51958500.0,36371000.0,57323365.0,38895977.5
258,independent,3394927.25,-34632.0,8762500.0,-6825000.0,9670200.0,-8757187.5
258,high_correlation,3429164.75,-394.5,22567500.0,6980000.0,27759462.5,9332075.0
259,baseline,3368590.875,0.0,14997500.0,0.0,18228487.5,0.0
259,recession,8659559.225,5290968.35,29025500.0,14028000.0,33201380.0,14972892.5
259,severe,19203894.05,15835303.175,50938250.0,35940750.0,56651361.25,38422873.75
259,independent,3384237.75,15646.875,8797500.0,-6200000.0,9756262.5,-8472225.0
259,high_correlation,3357343.625,-11247.25,22000000.0,7002500.0,27379162.5,9150675.0
260,baseline,3404230.375,0.0,15500000.0,0.0,18587512.5,0.0
260,recession,8724484.6,5320254.225,29063500.0,13563500.0,34199980.0,15612467.5
260,severe,19296077.075,15891846.7,51958500.0,36458500.0,58021658.75,39434146.25
260,independent,3368046.875,-36183.5,8740000.0,-6760000.0,9616587.5,-8970925.0
260,high_correlation,3396479.625,-7750.75,21957500.0,6457500.0,28452012.5,9864500.0
261,baseline,3412277.875,0.0,15282500.0,0.0,18622137.5,0.0
261,recession,8729026.95,5316749.075,30068000.0,14785500.0,34144275.0,15522137.5
261,severe,19333907.8625,15921629.9875,52467250.0,37184750.0,58126915.0,39504777.5
261,independent,3361971.25,-50306.625,8647500.0,-6635000.0,9603575.0,-9018562.5
261,high_correlation,3447002.125,34724.25,23420000.0,8137500.0,28387487.5,9765350.0
262,baseline,3381539.0,0.0,15372500.0,0.0,18712225.0,0.0
262,recession,8645792.275,5264253.275,29514000.0,14141500.0,33574530.0,14862305.0
262,severe,19211959.1125,15830420.1125,51337000.0,35964500.0,57390492.5,38678267.5
262,independent,3376492.75,-5046.25,8802500.0,-6570000.0,9656850.0,-9055375.0
262,high_correlation,3382259.0,720.0,22385000.0,7012500.0,27793612.5,9081387.5
263,baseline,3422844.75,0.0,15280000.0,0.0,18320287.5,0.0
263,recession,8747659.4,5324814.65,29370000.0,14090000.0,33299867.5,14979580.0
263,severe,19289089.4625,15866244.7125,51458000.0,36178000.0,56812896.25,38492608.75
263,independent,3388640.875,-34203.875,8590000.0,-6690000.0,9492087.5,-8828200.0
263,high_correlation,3438421.875,15577.125,22172500.0,6892500.0,27246850.0,8926562.5
264,baseline,3347557.375,0.0,15260000.0,0.0,18784900.0,0.0
264,recession,8613498.575,5265941.2,29501000.0,14241000.0,33615150.0,14830250.0
264,severe,19133841.65,15786284.275,51265500.0,36005500.0,56954837.5,38169937.5
264,independent,3383778.125,36220.75,8680000.0,-6580000.0,9656637.5,-9128262.5
264,high_correlation,3325023.125,-22534.25,22172500.0,6912500.0,27783325.0,8998425.0
265,baseline,3374000.25,0.0,15372500.0,0.0,18632400.0,0.0
265,recession,8679869.425,5305869.175,29533500.0,14161000.0,33866247.5,15233847.5
265,severe,19245765.6875,15871765.4375,51719250.0,36346750.0,57471782.5,38839382.5
265,independent,3358629.625,-15370.625,8625000.0,-6747500.0,9492362.5,-9140037.5
265,high_correlation,3384291.875,10291.625,22287500.0,6915000.0,27909937.5,9277537.5
266,baseline,3398570.25,0.0,15325000.0,0.0,18604212.5,0.0
266,recession,8708284.25,5309714.0,28964000.0,13639000.0,33409405.0,14805192.5
266,severe,19295230.075,15896659.825,51342500.0,36017500.0,56713827.5,38109615.0
266,independent,3386307.375,-12262.875,8780000.0,-6545000.0,9681700.0,-8922512.5
266,high_correlation,3403851.5,5281.25,21447500.0,6122500.0,27448675.0,8844462.5
267,baseline,3401173.625,0.0,15205000.0,0.0,18589262.5,0.0
267,recession,8695950.275,5294776.65,29599000.0,14394000.0,34003602.5,15414340.0
267,severe,19251030.8375,15849857.2125,51719250.0,36514250.0,57545001.25,38955738.75
267,independent,3385731.0,-15442.625,8740000.0,-6465000.0,9684612.5,-8904650.0
267,high_correlation,3393708.125,-7465.5,22560000.0,7355000.0,28034612.5,9445350.0
268,baseline,3381169.125,0.0,15282500.0,0.0,18633150.0,0.0
268,recession,8685797.2,5304628.075,29849500.0,14567000.0,34230575.0,15597425.0
268,severe,19242835.5625,15861666.4375,51667000.0,36384500.0,57576970.0,38943820.0
268,independent,3389141.0,7971.875,8732500.0,-6550000.0,9589687.5,-9043462.5
268,high_correlation,3387872.0,6702.875,22585000.0,7302500.0,28425562.5,9792412.5
269,baseline,3383937.375,0.0,15280000.0,0.0,18702450.0,0.0
269,recession,8699732.725,5315795.35,29056000.0,13776000.0,33762775.0,15060325.0
269,severe,19221389.0,15837451.625,51711000.0,36431000.0,57652045.0,38949595.0
269,independent,3379744.5,-4192.875,8730000.0,-6550000.0,9667637.5,-9034812.5
269,high_correlation,3380971.375,-2966.0,22287500.0,7007500.0,27962437.5,9259987.5
270,baseline,3404343.625,0.0,15705000.0,0.0,18908600.0,0.0
270,recession,8729871.475,5325527.85,29451000.0,13746000.0,33703770.0,14795170.0
270,severe,19306213.9875,15901870.3625,51059250.0,35354250.0,56844095.0,37935495.0
270,independent,3361197.75,-43145.875,8760000.0,-6945000.0,9790675.0,-9117925.0
270,high_correlation,3410824.125,6480.5,22572500.0,6867500.0,27904312.5,8995712.5
271,baseline,3381367.875,0.0,15140000.0,0.0,18217462.5,0.0
271,recession,8675387.075,5294019.2,28879000.0,13739000.0,33142477.5,14925015.0
271,severe,19302761.775,15921393.9,50770500.0,35630500.0,56753716.25,38536253.75
271,independent,3379573.25,-1794.625,8760000.0,-6380000.0,9648000.0,-8569462.5
271,high_correlation,3372546.75,-8821.125,21645000.0,6505000.0,27237637.5,9020175.0
272,baseline,3384028.625,0.0,15650000.0,0.0,19470225.0,0.0
272,recession,8651525.275,5267496.65,30004500.0,14354500.0,34857835.0,15387610.0
272,severe,19144009.3625,15759980.7375,51724750.0,36074750.0,59015577.5,39545352.5
272,independent,3385345.375,1316.75,8712500.0,-6937500.0,9587237.5,-9882987.5
272,high_correlation,3385863.5,1834.875,22652500.0,7002500.0,29361287.5,9891062.5
273,baseline,3408975.5,0.0,15205000.0,0.0,18597525.0,0.0
273,recession,8704669.125,5295693.625,29514000.0,14309000.0,33743205.0,15145680.0
273,severe,19303668.0375,15894692.5375,51317750.0,36112750.0,56931600.0,38334075.0
273,independent,3386665.0,-22310.5,8705000.0,-6500000.0,9624500.0,-8973025.0
273,high_correlation,3402982.125,-5993.375,21985000.0,6780000.0,27565950.0,8968425.0
274,baseline,3409489.125,0.0,15705000.0,0.0,18502037.5,0.0
274,recession,8741426.775,5331937.65,29451000.0,13746000.0,33372122.5,14870085.0
274,severe,19336005.7,15926516.575,51342500.0,35637500.0,57000652.5,38498615.0
274,independent,3360964.5,-48524.625,8760000.0,-6945000.0,9534762.5,-8967275.0
274,high_correlation,3443586.25,34097.125,22560000.0,6855000.0,27768087.5,9266050.0
275,baseline,3353280.5,0.0,14780000.0,0.0,17883025.0,0.0
275,recession,8636640.4,5283359.9,28619000.0,13839000.0,33155180.0,15272155.0
275,severe,19152313.95,15799033.45,51191250.0,36411250.0,56425682.5,38542657.5
275,independent,3369653.5,16373.0,8565000.0,-6215000.0,9451087.5,-8431937.5
275,high_correlation,3345114.625,-8165.875,21880000.0,7100000.0,26642350.0,8759325.0
276,baseline,3371956.875,0.0,15282500.0,0.0,18653662.5,0.0
276,recession,8668827.725,5296870.85,29712500.0,14430000.0,33847705.0,15194042.5
276,severe,19247075.375,15875118.5,51727500.0,36445000.0,57457606.25,38803943.75
276,independent,3361189.0,-10767.875,8680000.0,-6602500.0,9641375.0,-9012287.5
276,high_correlation,3386180.125,14223.25,22595000.0,7312500.0,27866037.5,9212375.0
277,baseline,3325616.5,0.0,14977500.0,0.0,18383662.5,0.0
277,recession,8584640.925,5259024.425,29533500.0,14556000.0,33960977.5,15577315.0
277,severe,19095583.2375,15769966.7375,51458000.0,36480500.0,57459861.25,39076198.75
277,independent,3361873.625,36257.125,8725000.0,-6252500.0,9699087.5,-8684575.0
277,high_correlation,3321759.125,-3857.375,22172500.0,7195000.0,27824187.5,9440525.0
278,baseline,3409537.0,0.0,15500000.0,0.0,18385975.0,0.0
278,recession,8726122.575,5316585.575,29824000.0,14324000.0,34018642.5,15632667.5
278,severe,19289046.975,15879509.975,51634000.0,36134000.0,57489300.0,39103325.0
278,independent,3371583.875,-37953.125,8672500.0,-6827500.0,9444600.0,-8941375.0
278,high_correlation,3426751.25,17214.25,22290000.0,6790000.0,27948487.5,9562512.5
279,baseline,3368790.5,0.0,15150000.0,0.0,18921487.5,0.0
279,recession,8652874.375,5284083.875,28976000.0,13826000.0,33788520.0,14867032.5
279,severe,19193774.875,15824984.375,51455250.0,36305250.0,57361301.25,38439813.75
279,independent,3381523.0,12732.5,8730000.0,-6420000.0,9677387.5,-9244100.0
279,high_correlation,3363802.375,-4988.125,21880000.0,6730000.0,28102175.0,9180687.5
280,baseline,3381036.625,0.0,15140000.0,0.0,18558037.5,0.0
280,recession,8646416.325,5265379.7,29395000.0,14255000.0,33665422.5,15107385.0
280,severe,19142387.275,15761350.65,51147250.0,36007250.0,56951427.5,38393390.0
280,independent,3388377.375,7340.75,8717500.0,-6422500.0,9614862.5,-8943175.0
280,high_correlation,3366269.25,-14767.375,22385000.0,7245000.0,27697775.0,9139737.5
281,baseline,3389263.25,0.0,15672500.0,0.0,18672025.0,0.0
281,recession,8665290.85,5276027.6,29824000.0,14151500.0,33783332.5,15111307.5
281,severe,19205844.075,15816580.825,52296750.0,36624250.0,57327930.0,38655905.0
281,independent,3369163.125,-20100.125,8762500.0,-6910000.0,9786012.5,-8886012.5
281,high_correlation,3393474.875,4211.625,23182500.0,7510000.0,28009375.0,9337350.0
282,baseline,3361247.75,0.0,15360000.0,0.0,18547925.0,0.0
282,recession,8675667.525,5314419.775,29708500.0,14348500.0,33994702.5,15446777.5
282,severe,19203969.8125,15842722.0625,51634000.0,36274000.0,57547655.0,38999730.0
282,independent,3361155.875,-91.875,8762500.0,-6597500.0,9758350.0,-8789575.0
282,high_correlation,3362299.625,1051.875,22572500.0,7212500.0,27945750.0,9397825.0
283,baseline,3385086.5,0.0,15180000.0,0.0,18972112.5,0.0
283,recession,8672361.175,5287274.675,29712500.0,14532500.0,34185900.0,15213787.5
283,severe,19255002.9375,15869916.4375,51727500.0,36547500.0,57838660.0,38866547.5
283,independent,3371630.875,-13455.625,8732500.0,-6447500.0,9509912.5,-9462200.0
283,high_correlation,3395263.125,10176.625,22462500.0,7282500.0,28265487.5,9293375.0
284,baseline,3396114.875,0.0,15325000.0,0.0,18462825.0,0.0
284,recession,8689423.15,5293308.275,28976000.0,13651000.0,33360292.5,14897467.5
284,severe,19249870.475,15853755.6,50965750.0,35640750.0,57183458.75,38720633.75
284,independent,3383771.625,-12343.25,8775000.0,-6550000.0,9715150.0,-8747675.0
284,high_correlation,3393264.375,-2850.5,21552500.0,6227500.0,27514212.5,9051387.5
285,baseline,3378622.0,0.0,14812500.0,0.0,18665287.5,0.0
285,recession,8660123.8,5281501.8,29547000.0,14734500.0,33835350.0,15170062.5
285,severe,19189619.2125,15810997.2125,51059250.0,36246750.0,57376426.25,38711138.75
285,independent,3342183.25,-36438.75,8595000.0,-6217500.0,9531400.0,-9133887.5
285,high_correlation,3384581.125,5959.125,22560000.0,7747500.0,28210087.5,9544800.0
286,baseline,3388639.125,0.0,15180000.0,0.0,18790537.5,0.0
286,recession,8660292.125,5271653.0,29599000.0,14419000.0,33882075.0,15091537.5
286,severe,19259775.2875,15871136.1625,51661500.0,36481500.0,57811723.75,39021186.25
286,independent,3379353.625,-9285.5,8870000.0,-6310000.0,9830612.5,-8959925.0
286,high_correlation,3396952.75,8313.625,21607500.0,6427500.0,28036525.0,9245987.5
287,baseline,3366682.625,0.0,14940000.0,0.0,18338362.5,0.0
287,recession,8624558.875,5257876.25,28494500.0,13554500.0,33222390.0,14884027.5
287,severe,19100338.5375,15733655.9125,50877750.0,35937750.0,56759903.75,38421541.25
287,independent,3395712.875,29030.25,8705000.0,-6235000.0,9663562.5,-8674800.0
287,high_correlation,3344624.0,-22058.625,21825000.0,6885000.0,27436925.0,9098562.5
288,baseline,3378960.375,0.0,15325000.0,0.0,18274950.0,0.0
288,recession,8644028.55,5265068.175,29425500.0,14100500.0,33399487.5,15124537.5
288,severe,19218750.7875,15839790.4125,51634000.0,36309000.0,56655857.5,38380907.5
288,independent,3368417.0,-10543.375,8765000.0,-6560000.0,9653200.0,-8621750.0
288,high_correlation,3360183.5,-18776.875,22385000.0,7060000.0,27095487.5,8820537.5
289,baseline,3414259.0,0.0,15560000.0,0.0,18808537.5,0.0
289,recession,8742509.95,5328250.95,30053500.0,14493500.0,33958625.0,15150087.5
289,severe,19363312.2375,15949053.2375,51603750.0,36043750.0,57163287.5,38354750.0
289,independent,3392628.75,-21630.25,8695000.0,-6865000.0,9581550.0,-9226987.5
289,high_correlation,3422531.875,8272.875,22480000.0,6920000.0,28023225.0,9214687.5
290,baseline,3372246.25,0.0,14940000.0,0.0,18624950.0,0.0
290,recession,8647222.55,5274976.3,29395000.0,14455000.0,33873517.5,15248567.5
290,severe,19134114.175,15761867.925,51191250.0,36251250.0,57209707.5,38584757.5
290,independent,3377900.75,5654.5,8647500.0,-6292500.0,9524612.5,-9100337.5
290,high_correlation,3373215.5,969.25,22480000.0,7540000.0,27876037.5,9251087.5
291,baseline,3387544.875,0.0,14997500.0,0.0,18090675.0,0.0
291,recession,8668979.925,5281435.05,28357000.0,13359500.0,32992955.0,14902280.0
291,severe,19234844.2,15847299.325,50842000.0,35844500.0,56646562.5,38555887.5
291,independent,3370915.25,-16629.625,8712500.0,-6285000.0,9541725.0,-8548950.0
291,high_correlation,3392473.0,4928.125,21552500.0,6555000.0,27167150.0,9076475.0
292,baseline,3368852.25,0.0,14985000.0,0.0,18423550.0,0.0
292,recession,8624211.825,5255359.575,29063500.0,14078500.0,33132852.5,14709302.5
292,severe,19166556.475,15797704.225,51603750.0,36618750.0,57162765.0,38739215.0
292,independent,3351360.25,-17492.0,8597500.0,-6387500.0,9543600.0,-8879950.0
292,high_correlation,3379553.75,10701.5,22172500.0,7187500.0,27113850.0,8690300.0
293,baseline,3406729.625,0.0,15325000.0,0.0,18336525.0,0.0
293,recession,8761236.3,5354506.675,29689500.0,14364500.0,33843085.0,15506560.0
293,severe,19355124.8,15948395.175,51634000.0,36309000.0,57315830.0,38979305.0
293,independent,3378789.875,-27939.75,8732500.0,-6592500.0,9654137.5,-8682387.5
293,high_correlation,3425497.125,18767.5,22290000.0,6965000.0,27572212.5,9235687.5
294,baseline,3370798.375,0.0,14977500.0,0.0,18241812.5,0.0
294,recession,8684354.45,5313556.075,29063500.0,14086000.0,33442457.5,15200645.0
294,severe,19176647.1875,15805848.8125,51711000.0,36733500.0,57209597.5,38967785.0
294,independent,3373049.625,2251.25,8735000.0,-6242500.0,9572550.0,-8669262.5
294,high_correlation,3372418.0,1619.625,22010000.0,7032500.0,27601525.0,9359712.5
295,baseline,3379223.125,0.0,15217500.0,0.0,18287550.0,0.0
295,recession,8699844.25,5320621.125,29063500.0,13846000.0,33566755.0,15279205.0
295,severe,19282526.8625,15903303.7375,51034500.0,35817000.0,56926925.0,38639375.0
295,independent,3376532.125,-2691.0,8775000.0,-6442500.0,9673912.5,-8613637.5
295,high_correlation,3382781.75,3558.625,22000000.0,6782500.0,27828525.0,9540975.0
296,baseline,3416091.875,0.0,15500000.0,0.0,19065850.0,0.0
296,recession,8734717.125,5318625.25,29599000.0,14099000.0,34042917.5,14977067.5
296,severe,19396532.1,15980440.225,51790750.0,36290750.0,58072382.5,39006532.5
296,independent,3380451.5,-35640.375,8725000.0,-6775000.0,9578475.0,-9487375.0
296,high_correlation,3425836.25,9744.375,22585000.0,7085000.0,28531837.5,9465987.5
297,baseline,3369521.75,0.0,14975000.0,0.0,18264325.0,0.0
297,recession,8672522.55,5303000.8,28955000.0,13980000.0,33425350.0,15161025.0
297,severe,19236236.525,15866714.775,51326000.0,36351000.0,56807918.75,38543593.75
297,independent,3347851.875,-21669.875,8695000.0,-6280000.0,9575812.5,-8688512.5
297,high_correlation,3385588.0,16066.25,21990000.0,7015000.0,27272287.5,9007962.5
298,baseline,3406548.875,0.0,15325000.0,0.0,18950150.0,0.0
298,recession,8739033.15,5332484.275,29262000.0,13937000.0,33911715.0,14961565.0
298,severe,19331982.725,15925433.85,51515750.0,36190750.0,57683395.0,38733245.0
298,independent,3401366.0,-5182.875,8785000.0,-6540000.0,9642200.0,-9307950.0
298,high_correlation,3390519.5,-16029.375,22085000.0,6760000.0,28109250.0,9159100.0
299,baseline,3402861.25,0.0,15657500.0,0.0,18715062.5,0.0
299,recession,8722148.925,5319287.675,29921000.0,14263500.0,34018232.5,15303170.0
299,severe,19277551.425,15874690.175,52296750.0,36639250.0,58013230.0,39298167.5
299,independent,3395477.0,-7384.25,8727500.0,-6930000.0,9708700.0,-9006362.5
299,high_correlation,3414308.375,11447.125,22670000.0,7012500.0,28527225.0,9812162.5
